player_id,first_name,last_name,bats,throws,primary_position,other_positions,is_pitcher,birthdate,height,weight,ethnicity,skin_tone,hair_color,facial_hair,role,preferred_pitching_role,hitter_archetype,pitcher_archetype,ch,ph,sp,eye,gf,pl,vl,sc,fa,arm,endurance,control,movement,hold_runner,fb,cu,cb,sl,si,scb,kn,pot_ch,pot_ph,pot_sp,pot_eye,pot_gf,pot_pl,pot_vl,pot_sc,pot_fa,pot_arm,pot_control,pot_movement,pot_endurance,pot_hold_runner,pot_fb,pot_cu,pot_cb,pot_sl,pot_si,pot_scb,pot_kn,durability
D20610001,Eduardo,Castillo,L,R,1B,[],False,2043-06-25,72,174,Unknown,dark,black,clean_shaven,,,power,,48,54,49,49,48,49,48,48,48,51,0,0,0,0,0,0,0,0,0,0,0,77,76,69,67,48,0,0,48,68,75,0,0,0,0,0,0,0,0,0,0,0,66
D20610002,Ricardo,Reyes,L,L,1B,[],False,2043-09-13,78,232,Unknown,medium,brown,clean_shaven,,,spray,,59,52,48,50,50,48,47,49,49,49,0,0,0,0,0,0,0,0,0,0,0,82,71,62,78,50,0,0,49,65,72,0,0,0,0,0,0,0,0,0,0,0,70
D20610003,Jerome,Chacko,L,R,RF,[],False,2043-04-11,70,248,Unknown,medium,black,clean_shaven,,,power,,51,62,52,51,48,48,47,49,49,52,0,0,0,0,0,0,0,0,0,0,0,81,79,81,70,48,0,0,49,64,71,0,0,0,0,0,0,0,0,0,0,0,72
D20610004,Cleveland,Jamesson,L,L,P,[],True,2043-11-18,70,222,Unknown,dark,black,clean_shaven,RP,CL,,closer,0,0,0,0,48,59,52,0,50,48,51,51,52,50,48,0,54,65,0,0,0,0,0,0,0,0,0,0,0,65,75,68,80,66,72,69,0,75,79,0,0,0,63
D20610005,Juan,Rodriguez,L,R,3B,[],False,2043-10-11,75,223,Unknown,light,black,clean_shaven,,,balanced,,50,49,50,51,52,48,47,50,48,52,0,0,0,0,0,0,0,0,0,0,0,69,59,62,67,52,0,0,50,66,68,0,0,0,0,0,0,0,0,0,0,0,74
D20610006,Deshawn,White,R,R,P,[],True,2043-12-16,73,221,Unknown,dark,black,clean_shaven,RP,SP,,workhorse_sp,0,0,0,0,50,49,49,0,50,51,50,50,52,50,53,59,60,62,0,0,0,0,0,0,0,0,0,0,0,68,74,80,68,76,69,65,74,71,72,0,0,0,59
D20610007,Juan,Ortiz,R,R,P,[],True,2043-05-15,69,249,Unknown,light,black,clean_shaven,RP,CL,,closer,0,0,0,0,55,56,46,0,52,48,52,50,52,48,48,0,56,65,0,0,0,0,0,0,0,0,0,0,0,79,64,72,80,77,75,68,0,81,88,0,0,0,61
D20610008,Delmer,Stacker,S,R,P,[],True,2043-08-18,73,182,Unknown,dark,brown,clean_shaven,RP,SP,,groundball_sp,0,0,0,0,50,51,48,0,48,49,48,52,52,50,49,57,55,57,59,0,0,0,0,0,0,0,0,0,0,69,67,64,78,77,71,61,73,65,74,82,0,0,63
D20610009,Hector,Morales,L,R,1B,[],False,2043-07-08,68,181,Unknown,dark,brown,beard,,,balanced,,52,49,48,50,52,51,45,49,51,48,0,0,0,0,0,0,0,0,0,0,0,71,60,68,75,52,0,0,49,61,69,0,0,0,0,0,0,0,0,0,0,0,74
D20610010,Brendan,Hotter,R,L,P,[],True,2043-05-10,70,184,Unknown,light,brown,goatee,RP,RP,,finesse_rp,0,0,0,0,52,46,52,0,52,48,51,51,52,49,49,58,58,54,0,0,0,0,0,0,0,0,0,0,0,64,63,61,77,81,72,63,81,68,84,0,0,0,60
D20610011,Yong,Khan,R,R,C,[],False,2043-01-12,75,193,Unknown,dark,brown,clean_shaven,,,average,,50,49,50,49,52,48,55,51,50,52,0,0,0,0,0,0,0,0,0,0,0,80,75,72,77,52,0,0,51,79,74,0,0,0,0,0,0,0,0,0,0,0,64
D20610012,Emmanuel,Cappel,S,L,P,[],True,2043-05-05,77,190,Unknown,dark,red,mustache,RP,CL,,closer,0,0,0,0,55,38,52,0,49,52,51,50,52,48,52,55,0,65,0,0,0,0,0,0,0,0,0,0,0,63,74,80,71,63,73,79,80,0,88,0,0,0,59
D20610013,Xavier,Taylor,R,R,CF,[],False,2043-04-23,76,202,Unknown,light,brown,clean_shaven,,,gap,,51,48,48,52,50,49,55,49,50,48,0,0,0,0,0,0,0,0,0,0,0,81,59,68,80,50,0,0,49,60,78,0,0,0,0,0,0,0,0,0,0,0,65
D20610014,Yong,Khan,L,R,P,[],True,2043-09-06,72,196,Unknown,medium,black,clean_shaven,RP,CL,,closer,0,0,0,0,55,53,46,0,49,52,51,50,52,48,50,57,0,65,0,0,0,0,0,0,0,0,0,0,0,74,71,62,69,75,69,70,76,0,90,0,0,0,57
D20610015,Yong,Le,R,R,C,[],False,2043-11-22,72,216,Unknown,medium,brown,clean_shaven,,,balanced,,52,51,49,51,50,51,56,48,52,52,0,0,0,0,0,0,0,0,0,0,0,78,68,77,79,50,0,0,48,73,71,0,0,0,0,0,0,0,0,0,0,0,66
D20610016,Emory,Flom,R,R,3B,[],False,2043-01-28,68,239,Unknown,dark,black,clean_shaven,,,elite_speed,,52,52,85,51,52,48,54,48,48,51,0,0,0,0,0,0,0,0,0,0,0,78,65,95,66,52,0,0,48,77,65,0,0,0,0,0,0,0,0,0,0,0,67
D20610017,Carlos,Martinez,R,R,1B,[],False,2043-07-17,73,218,Unknown,light,black,clean_shaven,,,balanced,,48,49,52,49,48,52,52,50,50,51,0,0,0,0,0,0,0,0,0,0,0,67,77,81,69,48,0,0,50,66,66,0,0,0,0,0,0,0,0,0,0,0,65
D20610018,Cleveland,Jamesson,R,R,P,[],True,2043-08-25,77,177,Unknown,light,brown,clean_shaven,RP,SP,,power_sp,0,0,0,0,50,53,47,0,51,49,52,50,52,52,48,0,59,60,0,0,0,0,0,0,0,0,0,0,0,66,62,60,70,81,71,69,0,86,87,0,0,0,63
D20610019,Jamal,Robinson,R,L,P,[],True,2043-12-07,72,219,Unknown,dark,black,beard,RP,SP,,groundball_sp,0,0,0,0,52,54,54,0,48,50,52,50,52,49,51,57,54,57,59,0,0,0,0,0,0,0,0,0,0,73,63,64,80,77,63,71,85,83,69,70,0,0,64
D20610020,Raphael,Bigler,R,R,P,[],True,2043-08-06,74,227,Unknown,light,brown,clean_shaven,RP,RP,,finesse_rp,0,0,0,0,49,63,49,0,48,52,50,50,52,50,54,0,61,0,0,0,0,0,0,0,0,0,0,0,0,71,80,73,64,60,66,83,0,78,0,0,0,0,68
D20610021,Jorge,Lopez,R,R,3B,[],False,2043-10-17,75,231,Unknown,medium,brown,goatee,,,gap,,52,48,48,49,48,50,53,50,51,51,0,0,0,0,0,0,0,0,0,0,0,67,65,78,60,48,0,0,50,71,68,0,0,0,0,0,0,0,0,0,0,0,74
D20610022,Cecil,Koda,R,R,P,[],True,2043-11-11,77,175,Unknown,medium,black,mustache,RP,RP,,finesse_rp,0,0,0,0,50,56,46,0,48,48,50,50,52,49,49,59,60,0,0,0,0,0,0,0,0,0,0,0,0,77,72,70,75,65,76,65,70,84,0,0,0,0,64
D20610023,Ashley,Mennen,L,L,P,[],True,2043-06-06,76,238,Unknown,dark,black,beard,RP,CL,,closer,0,0,0,0,55,51,52,0,48,50,50,52,52,51,52,55,0,65,0,0,0,0,0,0,0,0,0,0,0,63,68,65,79,65,65,73,78,0,84,0,0,0,63
D20610024,Carol,Valli,R,R,RF,[],False,2043-11-16,76,168,Unknown,dark,black,clean_shaven,,,average,,52,49,51,50,50,51,56,52,48,50,0,0,0,0,0,0,0,0,0,0,0,73,69,66,73,50,0,0,52,76,77,0,0,0,0,0,0,0,0,0,0,0,71
D20610025,Val,Holland,R,R,SS,[],False,2043-06-06,70,173,Unknown,dark,brown,clean_shaven,,,spray,,57,48,51,51,48,51,56,48,48,51,0,0,0,0,0,0,0,0,0,0,0,78,59,64,81,48,0,0,48,58,66,0,0,0,0,0,0,0,0,0,0,0,66
D20610026,Jamal,Robinson,S,R,1B,[],False,2043-06-11,71,207,Unknown,light,brown,clean_shaven,,,average,,52,51,51,51,48,50,52,49,49,52,0,0,0,0,0,0,0,0,0,0,0,63,66,69,81,48,0,0,49,69,68,0,0,0,0,0,0,0,0,0,0,0,59
D20610027,Yong,Pham,S,R,SS,[],False,2043-06-02,70,186,Unknown,medium,brown,clean_shaven,,,gap,,50,52,51,51,48,49,49,52,52,49,0,0,0,0,0,0,0,0,0,0,0,65,70,66,70,48,0,0,52,73,75,0,0,0,0,0,0,0,0,0,0,0,75
D20610028,Cleveland,Jamesson,L,R,P,[],True,2043-02-06,72,186,Unknown,medium,blonde,goatee,RP,SP,,finesse_sp,0,0,0,0,48,53,50,0,52,49,51,50,52,51,47,60,61,53,54,0,0,0,0,0,0,0,0,0,0,78,76,68,79,76,73,75,71,73,74,71,0,0,65
D20610029,Billy,Sartell,R,R,P,[],True,2043-09-17,73,246,Unknown,light,brown,clean_shaven,RP,SP,,finesse_sp,0,0,0,0,49,47,46,0,49,51,49,52,52,52,51,61,61,0,0,0,0,0,0,0,0,0,0,0,0,76,66,70,65,75,81,64,73,74,0,0,0,0,61
D20610030,Clemente,Marchand,S,R,3B,[],False,2043-04-18,70,238,Unknown,medium,brown,clean_shaven,,,balanced,,52,48,52,52,51,52,52,51,48,49,0,0,0,0,0,0,0,0,0,0,0,71,58,78,77,51,0,0,51,75,59,0,0,0,0,0,0,0,0,0,0,0,66
D20610031,Gayle,Yearsley,R,R,P,[],True,2043-10-18,75,182,Unknown,light,black,clean_shaven,RP,CL,,closer,0,0,0,0,55,54,46,0,51,52,51,50,52,50,54,55,53,65,0,0,0,0,0,0,0,0,0,0,0,68,67,80,70,80,60,66,85,79,95,0,0,0,65
D20610032,Luis,Morales,S,L,P,[],True,2043-07-01,75,225,Unknown,medium,brown,clean_shaven,RP,SP,,balanced_sp,0,0,0,0,52,52,56,0,51,50,48,50,52,48,51,62,61,62,0,0,0,0,0,0,0,0,0,0,0,81,61,80,82,61,58,61,82,77,78,0,0,0,59
D20610033,Jorge,Ortiz,L,R,LF,[],False,2043-06-07,73,244,Unknown,light,black,beard,,,average,,50,49,51,50,48,50,47,52,51,50,0,0,0,0,0,0,0,0,0,0,0,76,71,81,75,48,0,0,52,64,66,0,0,0,0,0,0,0,0,0,0,0,61
D20610034,Cleveland,Branine,R,R,2B,[],False,2043-08-04,72,193,Unknown,dark,brown,clean_shaven,,,spray,,62,50,51,50,51,51,53,52,48,51,0,0,0,0,0,0,0,0,0,0,0,84,73,78,68,51,0,0,52,59,77,0,0,0,0,0,0,0,0,0,0,0,63
D20610035,Jamal,Harris,L,R,P,[],True,2043-10-22,73,169,Unknown,light,blonde,mustache,RP,SP,,finesse_sp,0,0,0,0,48,55,49,0,52,48,48,50,52,51,48,58,61,0,0,0,0,0,0,0,0,0,0,0,0,82,65,64,74,65,68,60,77,78,0,0,0,0,64
D20610036,Alejandro,Gomez,R,R,CF,[],False,2043-05-13,72,190,Unknown,light,black,clean_shaven,,,spray,,65,48,52,49,51,49,56,50,50,50,0,0,0,0,0,0,0,0,0,0,0,87,65,74,74,51,0,0,50,60,78,0,0,0,0,0,0,0,0,0,0,0,69
D20610037,Adolfo,Gessford,R,R,RF,[],False,2043-07-03,71,170,Unknown,light,brown,beard,,,power,,48,58,48,48,50,49,55,51,51,51,0,0,0,0,0,0,0,0,0,0,0,71,75,69,58,50,0,0,51,64,69,0,0,0,0,0,0,0,0,0,0,0,70
D20610038,Tad,Maciarello,R,R,1B,[],False,2043-10-02,71,190,Unknown,medium,black,mustache,,,power,,52,63,49,49,50,50,53,48,49,48,0,0,0,0,0,0,0,0,0,0,0,72,92,64,78,50,0,0,48,73,58,0,0,0,0,0,0,0,0,0,0,0,66
D20610039,Theron,Monzo,L,L,P,[],True,2043-03-23,71,212,Unknown,dark,black,clean_shaven,RP,SP,,balanced_sp,0,0,0,0,48,63,53,0,49,50,48,50,52,49,48,62,60,62,56,0,0,0,0,0,0,0,0,0,0,71,71,74,62,62,75,65,79,81,90,69,0,0,58
D20610040,Jerald,Kut,S,R,CF,[],False,2043-07-07,74,232,Unknown,light,brown,clean_shaven,,,speed,,50,51,70,51,51,50,52,49,52,52,0,0,0,0,0,0,0,0,0,0,0,70,73,91,77,51,0,0,49,79,81,0,0,0,0,0,0,0,0,0,0,0,63
D20610041,Sung,Khan,L,L,LF,[],False,2043-10-03,73,208,Unknown,light,black,clean_shaven,,,average,,49,48,48,50,49,51,44,50,50,50,0,0,0,0,0,0,0,0,0,0,0,79,75,58,80,49,0,0,50,73,66,0,0,0,0,0,0,0,0,0,0,0,69
D20610042,Margarito,Mako,R,R,P,[],True,2043-01-02,73,245,Unknown,medium,brown,clean_shaven,RP,SP,,groundball_sp,0,0,0,0,50,54,47,0,51,50,50,50,52,52,49,0,55,0,60,0,0,0,0,0,0,0,0,0,0,61,74,67,75,76,65,69,0,77,0,71,0,0,64
D20610043,Val,Buonocore,L,L,1B,[],False,2043-12-26,72,240,Unknown,dark,brown,beard,,,gap,,63,63,52,51,52,49,46,52,48,52,0,0,0,0,0,0,0,0,0,0,0,89,73,76,80,52,0,0,52,63,67,0,0,0,0,0,0,0,0,0,0,0,68
D20610044,Raul,Gonzalez,R,R,P,[],True,2043-06-14,78,195,Unknown,medium,blonde,beard,RP,CL,,closer,0,0,0,0,55,54,46,0,51,49,48,50,52,50,50,0,0,65,0,0,0,0,0,0,0,0,0,0,0,79,67,65,69,68,74,72,0,0,82,0,0,0,65
D20610045,Lyle,Bottenfield,R,R,P,[],True,2043-10-12,77,209,Unknown,light,blonde,clean_shaven,RP,CL,,closer,0,0,0,0,55,51,50,0,49,49,50,50,52,51,49,54,54,65,0,0,0,0,0,0,0,0,0,0,0,70,60,71,71,71,68,69,74,84,76,0,0,0,68
D20610046,Jorge,Guerrero,R,R,1B,[],False,2043-06-26,78,220,Unknown,medium,black,beard,,,gap,,52,50,49,49,50,48,55,51,51,52,0,0,0,0,0,0,0,0,0,0,0,80,71,77,70,50,0,0,51,73,65,0,0,0,0,0,0,0,0,0,0,0,70
D20610047,Nathanial,Heineman,L,L,P,[],True,2043-02-10,68,161,Unknown,light,black,clean_shaven,RP,SP,,power_sp,0,0,0,0,51,56,54,0,52,51,48,50,52,48,53,0,62,62,0,54,0,0,0,0,0,0,0,0,0,74,61,64,79,58,63,82,0,90,86,0,64,0,61
D20610048,Hector,Garcia,R,R,P,[],True,2043-10-24,70,243,Unknown,light,brown,goatee,RP,SP,,power_sp,0,0,0,0,50,50,47,0,52,52,52,50,52,50,51,0,62,60,0,0,0,0,0,0,0,0,0,0,0,66,82,75,73,65,63,80,0,73,78,0,0,0,56
D20610049,Luis,Hernandez,R,R,3B,[],False,2043-06-08,68,234,Unknown,medium,brown,clean_shaven,,,power,,50,62,51,50,49,52,56,48,51,48,0,0,0,0,0,0,0,0,0,0,0,73,79,77,76,49,0,0,48,65,76,0,0,0,0,0,0,0,0,0,0,0,71
D20610050,Juan,Mendoza,R,R,3B,[],False,2043-12-11,76,175,Unknown,dark,brown,clean_shaven,,,gap,,62,62,50,50,48,51,54,49,48,50,0,0,0,0,0,0,0,0,0,0,0,86,72,62,66,48,0,0,49,73,64,0,0,0,0,0,0,0,0,0,0,0,64
D20610051,Ricardo,Reyes,L,L,P,[],True,2043-02-15,73,191,Unknown,light,black,clean_shaven,RP,CL,,closer,0,0,0,0,55,52,54,0,48,52,49,50,52,52,53,55,0,65,0,0,0,0,0,0,0,0,0,0,0,73,76,79,81,62,68,77,79,0,85,0,0,0,64
D20610052,Luis,Rivera,L,L,P,[],True,2043-04-03,73,221,Unknown,light,black,clean_shaven,RP,SP,,power_sp,0,0,0,0,52,52,56,0,52,52,51,50,52,51,52,0,62,60,0,0,0,0,0,0,0,0,0,0,0,69,66,78,72,77,70,76,0,86,88,0,0,0,64
D20610053,Sung,Liu,S,R,3B,[],False,2043-06-20,68,167,Unknown,medium,brown,clean_shaven,,,speed,,51,50,70,49,51,49,51,51,51,48,0,0,0,0,0,0,0,0,0,0,0,70,62,87,66,51,0,0,51,65,76,0,0,0,0,0,0,0,0,0,0,0,60
D20610054,Jorge,Delgado,L,L,CF,[],False,2043-06-21,70,240,Unknown,dark,brown,clean_shaven,,,speed,,50,50,70,50,51,48,47,51,51,49,0,0,0,0,0,0,0,0,0,0,0,66,68,89,67,51,0,0,51,74,73,0,0,0,0,0,0,0,0,0,0,0,66
D20610055,Antonio,Reyes,L,R,P,[],True,2043-08-05,75,245,Unknown,dark,black,clean_shaven,RP,SP,,balanced_sp,0,0,0,0,48,53,50,0,51,48,52,50,52,49,50,58,0,58,0,0,0,0,0,0,0,0,0,0,0,64,68,65,64,69,63,69,77,0,84,0,0,0,57
D20610056,Cruz,Bordes,R,R,3B,[],False,2043-07-02,75,195,Unknown,dark,black,clean_shaven,,,power,,50,58,50,50,50,49,56,49,52,49,0,0,0,0,0,0,0,0,0,0,0,67,84,73,60,50,0,0,49,63,79,0,0,0,0,0,0,0,0,0,0,0,62
D20610057,Luis,Perez,S,R,P,[],True,2043-10-16,71,205,Unknown,dark,black,clean_shaven,RP,RP,,finesse_rp,0,0,0,0,49,56,46,0,51,51,50,52,52,52,49,60,61,0,0,0,0,0,0,0,0,0,0,0,0,71,79,82,75,72,71,59,73,80,0,0,0,0,58
D20610058,Manuel,Rivera,L,L,RF,[],False,2043-07-01,74,232,Unknown,light,red,clean_shaven,,,balanced,,50,48,52,50,51,49,44,51,48,52,0,0,0,0,0,0,0,0,0,0,0,74,72,68,77,51,0,0,51,64,64,0,0,0,0,0,0,0,0,0,0,0,67
D20610059,Deshawn,Green,L,L,P,[],True,2043-02-04,68,228,Unknown,light,black,goatee,RP,SP,,power_sp,0,0,0,0,49,47,52,0,48,49,48,52,52,49,51,0,59,60,54,57,0,0,0,0,0,0,0,0,0,74,76,67,63,65,72,67,0,89,79,64,85,0,61
D20610060,Sung,Singh,L,R,SS,['2B'],False,2043-07-07,73,200,Unknown,light,black,clean_shaven,,,power,,51,57,51,50,49,48,45,51,49,49,0,0,0,0,0,0,0,0,0,0,0,69,87,81,73,49,0,0,51,63,60,0,0,0,0,0,0,0,0,0,0,0,66
D20610061,Nick,Piwowar,R,R,3B,[],False,2043-07-23,70,213,Unknown,light,brown,clean_shaven,,,balanced,,51,49,49,50,51,50,55,51,48,50,0,0,0,0,0,0,0,0,0,0,0,74,66,60,73,51,0,0,51,75,61,0,0,0,0,0,0,0,0,0,0,0,77
D20610062,Cecil,Koda,R,R,P,[],True,2043-12-20,72,243,Unknown,dark,black,clean_shaven,RP,RP,,groundball_rp,0,0,0,0,52,52,50,0,48,49,51,50,52,50,49,0,53,0,60,0,0,0,0,0,0,0,0,0,0,58,72,73,78,62,66,76,0,64,0,90,0,0,58
D20610063,Ashley,Mennen,L,R,1B,[],False,2043-12-02,70,217,Unknown,light,black,clean_shaven,,,power,,52,58,51,51,48,48,46,52,51,49,0,0,0,0,0,0,0,0,0,0,0,67,87,65,70,48,0,0,52,62,79,0,0,0,0,0,0,0,0,0,0,0,65
D20610064,Roberto,Guerrero,R,R,CF,['2B'],False,2043-05-25,72,188,Unknown,dark,black,goatee,,,power,,51,59,48,50,52,48,53,52,49,52,0,0,0,0,0,0,0,0,0,0,0,72,72,78,74,52,0,0,52,78,65,0,0,0,0,0,0,0,0,0,0,0,67
D20610065,Geoffrey,Ariaza,R,R,RF,['LF'],False,2043-09-28,74,214,Unknown,light,black,clean_shaven,,,average,,49,48,50,49,50,49,52,48,52,48,0,0,0,0,0,0,0,0,0,0,0,61,64,61,79,50,0,0,48,75,60,0,0,0,0,0,0,0,0,0,0,0,66
D20610066,Jermaine,King,S,R,2B,[],False,2043-06-01,72,204,Unknown,medium,brown,clean_shaven,,,speed,,48,50,70,50,49,48,52,51,51,50,0,0,0,0,0,0,0,0,0,0,0,74,66,81,68,49,0,0,51,77,78,0,0,0,0,0,0,0,0,0,0,0,69
D20610067,Donn,Dunavant,R,R,C,[],False,2043-08-14,78,225,Unknown,light,black,clean_shaven,,,balanced,,51,51,49,49,49,51,54,48,51,50,0,0,0,0,0,0,0,0,0,0,0,68,76,64,61,49,0,0,48,79,78,0,0,0,0,0,0,0,0,0,0,0,65
D20610068,Tyrone,Allen,R,R,3B,[],False,2043-11-03,71,164,Unknown,medium,blonde,mustache,,,average,,49,50,51,50,51,48,56,48,51,49,0,0,0,0,0,0,0,0,0,0,0,77,71,76,75,51,0,0,48,65,63,0,0,0,0,0,0,0,0,0,0,0,69
D20610069,Cecil,Koda,R,R,2B,[],False,2043-03-10,77,227,Unknown,light,blonde,clean_shaven,,,power,,51,58,48,51,48,49,56,48,48,52,0,0,0,0,0,0,0,0,0,0,0,68,83,61,74,48,0,0,48,62,65,0,0,0,0,0,0,0,0,0,0,0,65
D20610070,Malik,Harris,L,L,P,[],True,2043-11-02,69,176,Unknown,medium,black,clean_shaven,RP,SP,,groundball_sp,43,18,12,15,56,40,11,28,51,48,49,51,52,51,48,54,0,55,60,0,0,58,41,22,42,72,0,0,50,66,78,63,65,60,81,63,79,0,75,82,0,0,64
D20610071,Ricardo,Rodriguez,R,R,LF,[],False,2043-05-26,70,231,Unknown,medium,black,clean_shaven,,,balanced,,50,51,48,49,52,50,52,50,49,51,0,0,0,0,0,0,0,0,0,0,0,79,70,65,65,52,0,0,50,71,77,0,0,0,0,0,0,0,0,0,0,0,73
D20610072,Yong,Yamamoto,R,R,2B,[],False,2043-04-24,78,233,Unknown,medium,red,clean_shaven,,,average,,49,48,48,49,49,51,53,50,49,52,0,0,0,0,0,0,0,0,0,0,0,63,58,78,75,49,0,0,50,61,82,0,0,0,0,0,0,0,0,0,0,0,67
D20610073,Manuel,Rivera,L,L,P,[],True,2043-10-06,77,236,Unknown,light,brown,clean_shaven,RP,CL,,closer,0,0,0,0,49,59,52,0,48,48,49,52,52,49,48,0,0,65,0,0,0,0,0,0,0,0,0,0,0,66,76,69,71,61,70,75,0,0,75,0,0,0,61
D20610074,Xavier,Mitchell,R,R,LF,[],False,2043-01-10,73,236,Unknown,medium,black,clean_shaven,,,average,,48,48,49,49,51,49,53,49,50,49,0,0,0,0,0,0,0,0,0,0,0,78,74,70,75,51,0,0,49,66,59,0,0,0,0,0,0,0,0,0,0,0,70
D20610075,Ernest,Borovec,L,L,RF,[],False,2043-07-11,71,167,Unknown,medium,black,clean_shaven,,,spray,,64,49,52,50,50,52,46,52,51,49,0,0,0,0,0,0,0,0,0,0,0,88,73,79,70,50,0,0,52,81,71,0,0,0,0,0,0,0,0,0,0,0,74
D20610076,Eduardo,Rodriguez,R,R,C,[],False,2043-08-05,77,170,Unknown,medium,brown,clean_shaven,,,spray,,67,52,50,50,49,49,56,52,49,51,0,0,0,0,0,0,0,0,0,0,0,80,82,78,60,49,0,0,52,67,79,0,0,0,0,0,0,0,0,0,0,0,62
D20610077,Elbert,Berdugo,L,L,P,[],True,2043-05-21,69,190,Unknown,medium,black,clean_shaven,RP,RP,,power_rp,0,0,0,0,50,53,53,0,48,49,49,50,52,50,49,0,60,60,0,57,0,0,0,0,0,0,0,0,0,70,64,71,63,64,60,78,0,87,78,0,76,0,54
D20610078,Juan,Ramos,L,L,P,[],True,2043-08-11,74,242,Unknown,light,brown,clean_shaven,RP,SP,,groundball_sp,0,0,0,0,51,46,54,0,49,49,48,52,52,51,50,57,0,0,59,0,0,0,0,0,0,0,0,0,0,78,63,65,64,78,75,69,86,0,0,82,0,0,58
D20610079,Len,Lesa,R,R,1B,[],False,2043-11-25,74,243,Unknown,medium,brown,clean_shaven,,,balanced,,52,50,52,49,50,52,55,48,49,49,0,0,0,0,0,0,0,0,0,0,0,65,71,71,71,50,0,0,48,70,69,0,0,0,0,0,0,0,0,0,0,0,65
D20610080,Justin,Plevin,S,R,C,[],False,2043-08-12,70,176,Unknown,medium,blonde,clean_shaven,,,average,,52,51,50,51,52,50,52,51,50,48,0,0,0,0,0,0,0,0,0,0,0,79,75,76,80,52,0,0,51,72,60,0,0,0,0,0,0,0,0,0,0,0,72
D20610081,Margarito,Waggy,L,R,RF,[],False,2043-01-12,69,182,Unknown,dark,brown,clean_shaven,,,gap,,51,49,49,49,51,48,48,49,48,48,0,0,0,0,0,0,0,0,0,0,0,78,75,71,63,51,0,0,49,71,68,0,0,0,0,0,0,0,0,0,0,0,70
D20610082,Julian,Detten,R,R,1B,[],False,2043-03-01,69,240,Unknown,dark,black,clean_shaven,,,power,,49,61,49,51,48,49,55,51,49,52,0,0,0,0,0,0,0,0,0,0,0,63,85,61,71,48,0,0,51,68,67,0,0,0,0,0,0,0,0,0,0,0,60
D20610083,Sung,Zhang,L,L,LF,[],False,2043-01-08,72,179,Unknown,light,brown,clean_shaven,,,spray,,67,48,52,51,48,49,44,48,50,52,0,0,0,0,0,0,0,0,0,0,0,87,58,71,61,48,0,0,48,76,74,0,0,0,0,0,0,0,0,0,0,0,68
D20610084,Rufus,Washington,R,R,2B,[],False,2043-04-02,68,231,Unknown,light,black,clean_shaven,,,gap,,63,61,48,49,50,48,52,51,50,49,0,0,0,0,0,0,0,0,0,0,0,74,88,65,60,50,0,0,51,75,64,0,0,0,0,0,0,0,0,0,0,0,71
D20610085,Jermaine,Green,R,R,3B,[],False,2043-02-12,75,243,Unknown,medium,brown,beard,,,average,,49,50,50,50,49,52,52,52,48,50,0,0,0,0,0,0,0,0,0,0,0,73,63,70,80,49,0,0,52,64,74,0,0,0,0,0,0,0,0,0,0,0,72
D20610086,Yong,Huang,L,L,P,[],True,2043-11-26,74,179,Unknown,dark,black,beard,RP,RP,,power_rp,0,0,0,0,50,57,55,0,48,50,52,50,52,48,51,0,61,0,0,0,0,0,0,0,0,0,0,0,0,69,68,62,76,73,64,62,0,72,0,0,0,0,71
D20610087,Fernando,Ramirez,R,R,C,[],False,2043-02-13,72,230,Unknown,dark,brown,goatee,,,spray,,59,52,48,52,50,49,52,49,49,49,0,0,0,0,0,0,0,0,0,0,0,77,81,65,64,50,0,0,49,63,72,0,0,0,0,0,0,0,0,0,0,0,67
D20610088,Mason,Perrish,R,R,P,[],True,2043-09-28,68,197,Unknown,light,blonde,clean_shaven,RP,SP,,power_sp,0,0,0,0,51,47,46,0,50,49,49,50,52,52,50,0,59,62,56,0,0,0,0,0,0,0,0,0,0,65,79,73,79,66,66,60,0,76,91,66,0,0,62
D20610089,Cesar,Lytal,L,R,P,[],True,2043-11-28,72,215,Unknown,light,blonde,clean_shaven,RP,CL,,closer,0,0,0,0,55,50,48,0,52,50,52,50,52,49,51,54,0,65,0,0,0,0,0,0,0,0,0,0,0,75,72,80,82,66,63,64,74,0,91,0,0,0,63
D20610090,Alec,Dales,R,R,3B,[],False,2043-10-03,76,168,Unknown,dark,black,clean_shaven,,,gap,,50,52,49,49,48,48,56,51,50,48,0,0,0,0,0,0,0,0,0,0,0,77,71,76,73,48,0,0,51,70,63,0,0,0,0,0,0,0,0,0,0,0,67
D20610091,Dylan,Hoylton,R,R,P,[],True,2043-08-23,78,193,Unknown,medium,black,clean_shaven,RP,SP,,finesse_sp,0,0,0,0,48,40,49,0,51,50,49,50,52,51,51,61,62,0,53,0,0,0,0,0,0,0,0,0,0,62,65,62,82,69,62,73,81,89,0,69,0,0,62
D20610092,Hector,Garcia,L,L,P,[],True,2043-12-01,76,200,Unknown,dark,black,goatee,RP,SP,,finesse_sp,0,0,0,0,48,57,55,0,48,52,51,52,52,48,50,62,59,0,57,0,0,0,0,0,0,0,0,0,0,69,81,75,80,70,68,61,86,72,0,79,0,0,55
D20610093,Carlo,Gansburg,L,L,CF,[],False,2043-04-05,75,185,Unknown,medium,black,beard,,,average,,49,48,52,49,52,52,47,50,48,51,0,0,0,0,0,0,0,0,0,0,0,77,74,70,78,52,0,0,50,78,71,0,0,0,0,0,0,0,0,0,0,0,71
D20610094,Manuel,Vasquez,R,R,3B,[],False,2043-02-26,69,199,Unknown,dark,brown,clean_shaven,,,balanced,,48,50,50,49,50,51,55,49,48,49,0,0,0,0,0,0,0,0,0,0,0,77,80,78,72,50,0,0,49,61,64,0,0,0,0,0,0,0,0,0,0,0,75
D20610095,Yong,Choi,R,R,SS,[],False,2043-01-17,76,231,Unknown,light,black,clean_shaven,,,speed,,52,48,70,51,52,50,56,49,48,48,0,0,0,0,0,0,0,0,0,0,0,78,62,81,81,52,0,0,49,61,58,0,0,0,0,0,0,0,0,0,0,0,72
D20610096,Trevor,Kientzy,R,R,P,[],True,2043-07-06,72,179,Unknown,dark,black,clean_shaven,RP,LR,,long_relief,0,0,0,0,49,68,46,0,52,49,51,52,52,48,48,0,62,0,0,0,0,0,0,0,0,0,0,0,0,71,62,69,67,79,67,61,0,84,0,0,0,0,63
D20610097,Cleveland,Jamesson,L,R,1B,['3B'],False,2043-02-09,69,179,Unknown,light,brown,clean_shaven,,,average,,49,51,49,48,51,48,48,48,51,49,0,0,0,0,0,0,0,0,0,0,0,61,73,62,65,51,0,0,48,68,74,0,0,0,0,0,0,0,0,0,0,0,66
D20610098,Roberto,Sanchez,R,R,C,[],False,2043-07-21,70,207,Unknown,medium,blonde,clean_shaven,,,balanced,,50,50,49,51,52,50,55,49,52,52,0,0,0,0,0,0,0,0,0,0,0,67,73,63,78,52,0,0,49,76,79,0,0,0,0,0,0,0,0,0,0,0,70
D20610099,Quintin,Domingus,S,R,P,[],True,2043-09-08,73,245,Unknown,light,black,clean_shaven,RP,SP,,balanced_sp,0,0,0,0,48,44,46,0,49,49,50,51,52,49,49,62,61,62,0,0,0,0,0,0,0,0,0,0,0,79,77,75,71,70,65,61,75,84,78,0,0,0,59
D20610100,Aldo,Beliard,R,R,CF,[],False,2043-06-26,72,241,Unknown,medium,brown,clean_shaven,,,balanced,,51,49,51,50,50,52,53,50,50,48,0,0,0,0,0,0,0,0,0,0,0,61,61,66,68,50,0,0,50,60,72,0,0,0,0,0,0,0,0,0,0,0,66
D20610101,Miguel,Torres,L,L,P,[],True,2043-02-17,74,249,Unknown,medium,black,clean_shaven,RP,SP,,finesse_sp,0,0,0,0,49,62,52,0,52,51,51,52,52,51,49,58,62,54,0,57,0,0,0,0,0,0,0,0,0,62,81,66,82,73,78,65,80,76,67,0,79,0,65
D20610102,Ahmad,Senft,R,R,P,[],True,2043-11-17,73,206,Unknown,medium,brown,clean_shaven,RP,CL,,closer,0,0,0,0,55,51,50,0,51,48,52,50,52,52,49,0,0,65,0,0,0,0,0,0,0,0,0,0,0,61,63,73,79,82,79,76,0,0,77,0,0,0,62
D20610103,Jerome,Lorance,L,R,P,[],True,2043-06-16,75,222,Unknown,dark,brown,clean_shaven,RP,SP,,power_sp,0,0,0,0,51,60,47,0,51,49,50,50,52,48,48,0,62,62,0,0,0,0,0,0,0,0,0,0,0,64,67,71,81,71,78,69,0,82,82,0,0,0,54
D20610104,Manuel,Ramirez,R,R,2B,[],False,2043-06-05,75,223,Unknown,medium,brown,clean_shaven,,,spray,,60,48,52,51,49,50,52,49,52,52,0,0,0,0,0,0,0,0,0,0,0,80,76,71,78,49,0,0,49,66,82,0,0,0,0,0,0,0,0,0,0,0,65
D20610105,Len,Lesa,R,R,P,[],True,2043-11-05,73,228,Unknown,light,brown,clean_shaven,RP,SP,,balanced_sp,0,0,0,0,51,41,47,0,48,50,51,51,52,51,51,61,0,60,0,0,0,0,0,0,0,0,0,0,0,72,77,66,80,75,69,80,89,0,80,0,0,0,65
D20610106,Lee,Brugal,L,L,P,[],True,2043-09-03,76,231,Unknown,light,black,clean_shaven,RP,SP,,finesse_sp,0,0,0,0,49,46,55,0,50,50,50,50,52,52,50,60,58,54,0,0,0,0,0,0,0,0,0,0,0,69,68,69,75,73,67,76,81,69,83,0,0,0,61
D20610107,Carlos,Castillo,R,R,P,[],True,2043-05-02,75,161,Unknown,medium,black,goatee,RP,CL,,closer,0,0,0,0,55,55,50,0,48,50,51,52,52,48,48,0,0,65,0,0,0,0,0,0,0,0,0,0,0,61,62,75,79,75,70,70,0,0,90,0,0,0,59
D20610108,Sung,Liu,S,R,SS,[],False,2043-11-21,73,170,Unknown,medium,brown,clean_shaven,,,average,,49,52,49,49,49,52,48,49,51,48,0,0,0,0,0,0,0,0,0,0,0,77,67,61,75,49,0,0,49,72,60,0,0,0,0,0,0,0,0,0,0,0,64
D20610109,Jose,Rodriguez,L,R,RF,[],False,2043-08-08,73,225,Unknown,medium,brown,clean_shaven,,,balanced,,49,50,49,50,51,49,46,48,50,50,0,0,0,0,0,0,0,0,0,0,0,78,72,64,79,51,0,0,48,65,72,0,0,0,0,0,0,0,0,0,0,0,61
D20610110,Herman,Barriger,R,R,3B,[],False,2043-12-06,77,245,Unknown,dark,brown,clean_shaven,,,power,,48,57,49,49,49,50,52,51,52,51,0,0,0,0,0,0,0,0,0,0,0,58,83,61,77,49,0,0,51,78,68,0,0,0,0,0,0,0,0,0,0,0,66
D20610111,Yong,Le,R,R,P,[],True,2043-06-12,77,248,Unknown,medium,brown,clean_shaven,RP,RP,,power_rp,0,0,0,0,48,56,47,0,48,49,48,51,52,51,51,0,0,59,0,0,0,0,0,0,0,0,0,0,0,63,67,69,74,77,70,70,0,0,78,0,0,0,68
D20610112,Cruz,Krammer,S,R,SS,[],False,2043-06-11,69,184,Unknown,medium,black,beard,,,gap,,50,52,49,51,49,50,48,51,49,48,0,0,0,0,0,0,0,0,0,0,0,65,65,72,81,49,0,0,51,63,66,0,0,0,0,0,0,0,0,0,0,0,72
D20610113,Edmundo,Skalicky,R,R,P,[],True,2043-08-04,71,242,Unknown,medium,brown,clean_shaven,RP,SP,,finesse_sp,0,0,0,0,50,60,50,0,48,48,48,50,52,51,48,60,60,57,0,53,0,0,0,0,0,0,0,0,0,61,64,77,65,58,80,65,76,71,82,0,75,0,58
D20610114,Bennie,Brock,L,R,P,[],True,2043-08-17,78,214,Unknown,dark,black,mustache,RP,SP,,groundball_sp,0,0,0,0,52,42,46,0,48,52,50,52,52,52,53,54,54,0,58,0,0,0,0,0,0,0,0,0,0,58,67,81,71,72,66,75,81,78,0,70,0,0,63
D20610115,Jamal,Taylor,R,R,3B,[],False,2043-07-07,78,184,Unknown,medium,brown,mustache,,,average,,50,51,52,49,48,49,53,49,48,48,0,0,0,0,0,0,0,0,0,0,0,78,69,79,66,48,0,0,49,60,71,0,0,0,0,0,0,0,0,0,0,0,72
D20610116,Lyle,Bottenfield,R,R,RF,[],False,2043-03-09,76,199,Unknown,medium,brown,clean_shaven,,,elite_speed,,50,52,85,50,50,49,53,48,50,51,0,0,0,0,0,0,0,0,0,0,0,69,76,97,62,50,0,0,48,73,67,0,0,0,0,0,0,0,0,0,0,0,55
D20610117,Robert,Orhenkowski,R,R,2B,[],False,2043-02-19,76,243,Unknown,medium,black,clean_shaven,,,balanced,,51,50,51,49,51,52,55,48,50,52,0,0,0,0,0,0,0,0,0,0,0,78,67,66,78,51,0,0,48,68,69,0,0,0,0,0,0,0,0,0,0,0,69
D20610118,Nathanial,Heineman,R,R,P,[],True,2043-12-21,77,213,Unknown,light,brown,clean_shaven,RP,SP,,balanced_sp,0,0,0,0,51,53,49,0,49,51,50,51,52,50,49,59,60,61,0,0,0,0,0,0,0,0,0,0,0,66,68,68,67,70,75,75,70,85,86,0,0,0,57
D20610119,Terrance,Sidi,S,R,P,[],True,2043-04-01,69,208,Unknown,medium,brown,clean_shaven,RP,CL,,closer,0,0,0,0,51,45,46,0,48,50,49,50,52,48,52,0,0,65,0,0,0,0,0,0,0,0,0,0,0,65,78,78,74,75,58,66,0,0,84,0,0,0,67
D20610120,Jermaine,White,R,R,P,[],True,2043-02-22,72,248,Unknown,medium,brown,clean_shaven,RP,SP,,workhorse_sp,0,0,0,0,50,55,46,0,50,48,50,51,52,49,50,0,60,59,0,0,0,0,0,0,0,0,0,0,0,69,65,74,64,79,69,71,0,75,85,0,0,0,54
D20610121,Raul,Lopez,R,R,P,[],True,2043-11-12,71,181,Unknown,light,red,clean_shaven,RP,SP,,groundball_sp,0,0,0,0,48,51,47,0,51,48,50,50,52,50,48,54,56,0,61,0,0,0,0,0,0,0,0,0,0,77,59,64,68,75,78,63,68,78,0,82,0,0,63
D20610122,Juan,Torres,R,R,3B,[],False,2043-09-28,73,223,Unknown,light,black,beard,,,speed,,51,48,70,51,52,52,54,52,50,48,0,0,0,0,0,0,0,0,0,0,0,61,72,85,80,52,0,0,52,75,60,0,0,0,0,0,0,0,0,0,0,0,62
D20610123,Manuel,Delgado,R,R,C,[],False,2043-01-20,74,221,Unknown,light,black,clean_shaven,,,spray,,64,52,50,48,48,48,55,52,52,51,0,0,0,0,0,0,0,0,0,0,0,94,64,73,74,48,0,0,52,76,72,0,0,0,0,0,0,0,0,0,0,0,64
D20610124,Cruz,Krammer,L,L,P,[],True,2043-11-28,75,233,Unknown,light,brown,clean_shaven,RP,SP,,power_sp,0,0,0,0,48,66,54,0,51,51,48,50,52,52,49,0,61,60,0,0,0,0,0,0,0,0,0,0,0,62,78,70,65,72,75,72,0,91,75,0,0,0,59
D20610125,Deshawn,White,L,L,P,[],True,2043-10-23,73,214,Unknown,light,black,clean_shaven,RP,RP,,groundball_rp,0,0,0,0,51,65,56,0,50,49,48,51,52,51,49,0,0,0,58,0,0,0,0,0,0,0,0,0,0,61,74,68,76,64,80,76,0,0,0,77,0,0,66
D20610126,Miguel,Hernandez,L,L,P,[],True,2043-04-09,78,170,Unknown,medium,blonde,clean_shaven,RP,CL,,closer,0,0,0,0,55,51,52,0,51,50,51,50,52,52,50,55,0,65,0,0,0,0,0,0,0,0,0,0,0,73,68,61,73,67,74,67,68,0,84,0,0,0,55
D20610127,Darnell,White,R,R,LF,['RF'],False,2043-10-13,72,209,Unknown,light,blonde,beard,,,balanced,,49,52,49,49,50,50,54,52,48,51,0,0,0,0,0,0,0,0,0,0,0,71,67,70,72,50,0,0,52,78,71,0,0,0,0,0,0,0,0,0,0,0,65
D20610128,Lawrence,Ptaszynski,R,R,P,[],True,2043-10-02,72,233,Unknown,dark,black,clean_shaven,RP,CL,,closer,0,0,0,0,55,55,47,0,48,51,52,50,52,49,49,0,0,65,0,0,0,0,0,0,0,0,0,0,0,74,74,77,66,71,69,77,0,0,84,0,0,0,68
D20610129,Tomas,Samora,L,R,3B,[],False,2043-12-05,70,230,Unknown,dark,brown,clean_shaven,,,gap,,48,51,48,49,50,48,44,48,50,49,0,0,0,0,0,0,0,0,0,0,0,61,77,64,69,50,0,0,48,72,71,0,0,0,0,0,0,0,0,0,0,0,70
D20610130,Raul,Ortiz,L,R,P,[],True,2043-02-13,78,161,Unknown,medium,black,clean_shaven,RP,SP,,workhorse_sp,0,0,0,0,52,57,47,0,49,52,49,50,52,52,51,61,62,62,0,0,0,0,0,0,0,0,0,0,0,60,81,79,72,69,65,75,91,84,88,0,0,0,57
D20610131,Raul,Castillo,R,R,C,[],False,2043-08-12,73,210,Unknown,dark,black,clean_shaven,,,speed,,48,52,70,49,52,48,54,49,49,51,0,0,0,0,0,0,0,0,0,0,0,76,80,83,71,52,0,0,49,76,61,0,0,0,0,0,0,0,0,0,0,0,71
D20610132,Xavier,Taylor,R,R,CF,[],False,2043-11-13,71,171,Unknown,light,brown,clean_shaven,,,spray,,57,49,52,51,50,50,54,50,49,50,0,0,0,0,0,0,0,0,0,0,0,80,71,69,73,50,0,0,50,69,61,0,0,0,0,0,0,0,0,0,0,0,72
D20610133,Len,Lesa,S,R,SS,[],False,2043-11-24,70,194,Unknown,light,brown,clean_shaven,,,spray,,59,48,49,50,51,52,50,51,49,50,0,0,0,0,0,0,0,0,0,0,0,82,65,79,80,51,0,0,51,65,71,0,0,0,0,0,0,0,0,0,0,0,67
D20610134,Lucius,Cowick,R,R,C,[],False,2043-04-09,69,230,Unknown,medium,blonde,clean_shaven,,,gap,,52,48,50,49,52,48,52,48,50,52,0,0,0,0,0,0,0,0,0,0,0,75,78,67,71,52,0,0,48,68,73,0,0,0,0,0,0,0,0,0,0,0,62
D20610135,Manuel,Lopez,S,R,C,[],False,2043-04-05,78,240,Unknown,light,black,clean_shaven,,,balanced,,52,48,50,51,50,51,49,49,50,50,0,0,0,0,0,0,0,0,0,0,0,78,60,80,78,50,0,0,49,79,73,0,0,0,0,0,0,0,0,0,0,0,64
D20610136,Stefan,Goslee,R,R,P,[],True,2043-04-05,74,189,Unknown,light,blonde,mustache,RP,RP,,power_rp,0,0,0,0,48,60,49,0,49,49,52,52,52,52,50,0,58,60,0,0,0,0,0,0,0,0,0,0,0,64,69,77,80,76,75,68,0,71,81,0,0,0,68
D20610137,Sung,Tanaka,L,L,P,[],True,2043-03-03,73,189,Unknown,dark,black,clean_shaven,RP,CL,,closer,0,0,0,0,55,57,54,0,49,52,48,50,52,51,52,0,0,65,0,0,0,0,0,0,0,0,0,0,0,64,76,80,69,59,67,64,0,0,89,0,0,0,65
D20610138,Nathanial,Heineman,R,R,C,[],False,2043-11-17,72,199,Unknown,dark,blonde,clean_shaven,,,spray,,59,50,51,49,48,50,53,48,51,51,0,0,0,0,0,0,0,0,0,0,0,87,69,74,71,48,0,0,48,74,80,0,0,0,0,0,0,0,0,0,0,0,66
D20610139,Bryant,Truog,S,R,CF,[],False,2043-05-28,71,241,Unknown,light,brown,clean_shaven,,,speed,,51,52,70,51,50,49,50,50,51,51,0,0,0,0,0,0,0,0,0,0,0,63,77,97,61,50,0,0,50,66,76,0,0,0,0,0,0,0,0,0,0,0,61
D20610140,Ricardo,Gomez,R,R,P,[],True,2043-02-05,77,245,Unknown,medium,brown,clean_shaven,RP,SP,,groundball_sp,0,0,0,0,51,51,48,0,50,52,51,51,52,48,50,0,0,54,58,0,0,0,0,0,0,0,0,0,0,63,69,67,75,80,76,76,0,0,81,81,0,0,61
D20610141,Miguel,Torres,R,R,P,[],True,2043-12-20,78,180,Unknown,dark,blonde,beard,RP,RP,,finesse_rp,0,0,0,0,51,52,50,0,52,51,52,52,52,48,52,59,58,56,0,0,0,0,0,0,0,0,0,0,0,68,68,76,80,82,70,78,74,71,70,0,0,0,57
D20610142,Manuel,Ramirez,R,R,SS,[],False,2043-12-09,75,175,Unknown,medium,brown,clean_shaven,,,speed,,49,50,70,50,48,48,54,49,51,50,0,0,0,0,0,0,0,0,0,0,0,64,70,99,72,48,0,0,49,72,75,0,0,0,0,0,0,0,0,0,0,0,76
D20610143,Fernando,Guerrero,R,R,C,[],False,2043-09-03,76,227,Unknown,dark,black,clean_shaven,,,power,,48,57,48,50,50,52,54,51,48,49,0,0,0,0,0,0,0,0,0,0,0,70,67,65,79,50,0,0,51,61,76,0,0,0,0,0,0,0,0,0,0,0,66
D20610144,Clifford,Delia,R,R,RF,[],False,2043-05-21,77,221,Unknown,medium,brown,clean_shaven,,,power,,50,56,51,51,48,50,56,52,49,50,0,0,0,0,0,0,0,0,0,0,0,61,84,66,68,48,0,0,52,63,63,0,0,0,0,0,0,0,0,0,0,0,71
D20610145,Eduardo,Morales,R,R,P,[],True,2043-05-04,69,190,Unknown,medium,brown,clean_shaven,RP,SP,,finesse_sp,0,0,0,0,48,62,50,0,51,48,49,50,52,50,47,62,60,56,0,0,0,0,0,0,0,0,0,0,0,69,76,79,67,59,68,70,78,89,76,0,0,0,63
D20610146,Tyrone,Taylor,L,R,1B,[],False,2043-03-09,77,206,Unknown,dark,black,clean_shaven,,,gap,,50,48,48,49,50,48,47,48,50,51,0,0,0,0,0,0,0,0,0,0,0,60,78,77,66,50,0,0,48,64,72,0,0,0,0,0,0,0,0,0,0,0,75
D20610147,Yong,Khan,L,L,P,[],True,2043-08-06,71,168,Unknown,medium,black,clean_shaven,RP,SP,,power_sp,0,0,0,0,52,47,53,0,49,52,52,50,52,52,52,0,60,62,56,56,0,0,0,0,0,0,0,0,0,73,82,64,62,67,74,64,0,72,86,68,70,0,66
D20610148,Jose,Hernandez,R,R,P,[],True,2043-10-24,68,247,Unknown,light,black,goatee,RP,RP,,finesse_rp,0,0,0,0,48,58,49,0,50,51,51,52,52,51,53,58,60,0,0,57,0,0,0,0,0,0,0,0,0,61,75,66,78,63,61,76,79,82,0,0,86,0,55
D20610149,Hector,Diaz,L,L,CF,[],False,2043-10-03,72,238,Unknown,light,brown,clean_shaven,,,speed,,49,50,74,48,51,48,46,50,48,49,0,0,0,0,0,0,0,0,0,0,0,67,70,99,69,51,0,0,50,63,76,0,0,0,0,0,0,0,0,0,0,0,79
D20610150,Manuel,Castillo,L,L,P,[],True,2043-12-13,68,177,Unknown,light,black,clean_shaven,RP,RP,,power_rp,0,0,0,0,48,53,55,0,48,51,50,51,52,48,49,54,58,61,0,0,0,0,0,0,0,0,0,0,0,69,69,61,74,74,76,67,71,76,87,0,0,0,49
D20610151,Deshawn,Young,R,R,C,[],False,2043-01-06,78,160,Unknown,medium,red,clean_shaven,,,balanced,,50,49,50,50,49,49,55,52,52,51,0,0,0,0,0,0,0,0,0,0,0,71,63,77,77,49,0,0,52,75,77,0,0,0,0,0,0,0,0,0,0,0,67
D20610152,Josue,Decker,L,L,P,[],True,2043-04-22,75,235,Unknown,light,brown,goatee,RP,SP,,power_sp,0,0,0,0,52,43,54,0,52,52,52,51,52,49,53,0,62,59,0,56,0,0,0,0,0,0,0,0,0,71,67,80,72,63,67,71,0,87,75,0,73,0,52
D20610153,Percy,Allen,R,R,C,[],False,2043-12-08,77,185,Unknown,dark,black,clean_shaven,,,average,,51,49,50,50,51,50,54,51,50,52,0,0,0,0,0,0,0,0,0,0,0,75,64,71,65,51,0,0,51,67,65,0,0,0,0,0,0,0,0,0,0,0,64
D20610154,Sung,Liu,L,R,3B,[],False,2043-12-26,71,184,Unknown,medium,brown,clean_shaven,,,average,,52,52,48,50,51,49,44,52,51,49,0,0,0,0,0,0,0,0,0,0,0,65,69,72,70,51,0,0,52,69,64,0,0,0,0,0,0,0,0,0,0,0,63
D20610155,Jorge,Guerrero,R,R,2B,[],False,2043-06-05,74,201,Unknown,dark,brown,beard,,,balanced,,52,51,48,50,50,49,52,48,50,50,0,0,0,0,0,0,0,0,0,0,0,82,72,61,74,50,0,0,48,63,71,0,0,0,0,0,0,0,0,0,0,0,69
D20610156,Yong,Zhang,L,R,CF,[],False,2043-11-27,69,172,Unknown,medium,black,clean_shaven,,,spray,,61,49,51,49,51,51,46,48,51,52,0,0,0,0,0,0,0,0,0,0,0,89,62,70,64,51,0,0,48,63,70,0,0,0,0,0,0,0,0,0,0,0,68
D20610157,Carlos,Rodriguez,R,R,2B,[],False,2043-02-21,72,178,Unknown,light,black,clean_shaven,,,balanced,,49,52,49,51,52,50,54,51,48,49,0,0,0,0,0,0,0,0,0,0,0,65,75,70,77,52,0,0,51,70,62,0,0,0,0,0,0,0,0,0,0,0,66
D20610158,Raul,Lopez,L,L,1B,[],False,2043-08-05,75,207,Unknown,medium,brown,goatee,,,power,,50,59,52,49,49,48,46,50,51,50,0,0,0,0,0,0,0,0,0,0,0,74,80,62,69,49,0,0,50,65,66,0,0,0,0,0,0,0,0,0,0,0,78
D20610159,Felipe,Plotz,L,L,P,[],True,2043-03-18,71,166,Unknown,medium,black,clean_shaven,RP,SP,,balanced_sp,0,0,0,0,51,53,54,0,50,51,49,52,52,48,53,60,58,62,0,0,0,0,0,0,0,0,0,0,0,78,65,67,65,79,78,81,81,87,72,0,0,0,59
D20610160,Ashley,Mennen,L,R,P,[],True,2043-08-14,70,223,Unknown,medium,brown,clean_shaven,RP,RP,,finesse_rp,0,0,0,0,48,54,50,0,49,49,52,52,52,50,49,58,62,0,0,55,0,0,0,0,0,0,0,0,0,77,74,70,74,81,65,77,76,77,0,0,67,0,61
D20610161,Jorge,Reyes,L,R,P,[],True,2043-02-06,74,186,Unknown,light,black,beard,RP,SP,,groundball_sp,0,0,0,0,49,55,49,0,52,49,50,51,52,49,47,56,0,0,59,0,0,0,0,0,0,0,0,0,0,78,72,66,82,68,60,58,80,0,0,69,0,0,55
D20610162,Yong,Pham,S,R,P,[],True,2043-02-10,69,248,Unknown,light,brown,clean_shaven,RP,CL,,closer,0,0,0,0,55,50,46,0,49,48,52,50,52,51,47,54,54,65,0,0,0,0,0,0,0,0,0,0,0,66,75,72,76,78,80,67,78,81,92,0,0,0,54
D20610163,Alexander,Hozempa,R,R,SS,[],False,2043-10-04,68,236,Unknown,medium,blonde,goatee,,,average,,52,51,52,50,50,50,55,50,49,51,0,0,0,0,0,0,0,0,0,0,0,78,68,75,69,50,0,0,50,70,61,0,0,0,0,0,0,0,0,0,0,0,71
D20610164,Phil,Eagen,R,R,SS,[],False,2043-10-05,72,228,Unknown,medium,brown,clean_shaven,,,speed,,50,52,75,50,50,48,53,52,50,51,0,0,0,0,0,0,0,0,0,0,0,68,66,88,72,50,0,0,52,69,80,0,0,0,0,0,0,0,0,0,0,0,68
D20610165,Adolfo,Gessford,R,R,P,[],True,2043-05-18,75,213,Unknown,dark,black,mustache,RP,SP,,workhorse_sp,0,0,0,0,48,53,49,0,48,48,52,50,52,51,50,61,58,59,55,0,0,0,0,0,0,0,0,0,0,68,66,75,70,64,74,63,85,80,76,84,0,0,60
D20610166,Carroll,Worman,R,R,1B,[],False,2043-08-22,73,228,Unknown,dark,brown,clean_shaven,,,gap,,49,48,51,50,49,48,52,49,50,48,0,0,0,0,0,0,0,0,0,0,0,62,61,81,62,49,0,0,49,63,65,0,0,0,0,0,0,0,0,0,0,0,66
D20610167,Abram,Gata,S,R,RF,[],False,2043-01-07,77,234,Unknown,medium,black,beard,,,power,,48,58,52,48,49,51,49,52,49,48,0,0,0,0,0,0,0,0,0,0,0,63,86,80,70,49,0,0,52,78,72,0,0,0,0,0,0,0,0,0,0,0,64
D20610168,Randell,Larochelle,S,R,P,[],True,2043-03-14,72,236,Unknown,medium,black,clean_shaven,RP,RP,,groundball_rp,0,0,0,0,49,58,49,0,52,48,51,50,52,49,48,0,0,56,58,0,0,0,0,0,0,0,0,0,0,65,61,62,64,78,73,66,0,0,79,69,0,0,60
D20610169,Jerome,Lorance,L,L,P,[],True,2043-03-20,71,219,Unknown,dark,black,mustache,RP,RP,,power_rp,0,0,0,0,48,53,52,0,48,52,52,52,52,49,53,0,58,61,0,0,0,0,0,0,0,0,0,0,0,61,80,69,63,63,59,81,0,80,74,0,0,0,63
D20610170,Sung,Singh,S,R,CF,[],False,2043-01-25,78,216,Unknown,medium,black,mustache,,,balanced,,48,51,48,50,50,51,51,49,50,51,0,0,0,0,0,0,0,0,0,0,0,63,72,62,71,50,0,0,49,64,68,0,0,0,0,0,0,0,0,0,0,0,75
D20610171,Micah,Hu,R,R,C,[],False,2043-08-14,70,237,Unknown,light,brown,clean_shaven,,,gap,,51,51,49,50,51,52,55,50,49,50,0,0,0,0,0,0,0,0,0,0,0,69,65,63,62,51,0,0,50,76,69,0,0,0,0,0,0,0,0,0,0,0,62
D20610172,Percy,Mitchell,R,R,P,[],True,2043-10-20,68,232,Unknown,light,brown,clean_shaven,RP,RP,,groundball_rp,0,0,0,0,48,56,50,0,51,48,48,50,52,48,49,0,0,0,59,0,0,0,0,0,0,0,0,0,0,73,68,66,71,59,58,64,0,0,0,72,0,0,58
D20610173,Francisco,Garcia,L,L,P,[],True,2043-06-27,72,237,Unknown,dark,black,clean_shaven,RP,SP,,balanced_sp,0,0,0,0,48,53,55,0,51,49,48,50,52,48,49,62,62,59,0,0,0,0,0,0,0,0,0,0,0,61,76,72,64,72,78,67,73,76,83,0,0,0,55
D20610174,Tomas,Samora,R,R,3B,[],False,2043-07-06,77,226,Unknown,medium,black,clean_shaven,,,speed,,50,50,70,51,52,48,54,49,51,50,0,0,0,0,0,0,0,0,0,0,0,76,78,82,74,52,0,0,49,67,60,0,0,0,0,0,0,0,0,0,0,0,70
D20610175,Cecil,Koda,R,R,SS,[],False,2043-06-18,78,178,Unknown,light,blonde,clean_shaven,,,spray,,56,49,52,50,48,50,54,52,50,48,0,0,0,0,0,0,0,0,0,0,0,84,72,75,68,48,0,0,52,75,61,0,0,0,0,0,0,0,0,0,0,0,62
D20610176,Yong,Singh,L,L,CF,[],False,2043-05-04,72,229,Unknown,medium,black,beard,,,average,,51,52,50,52,49,48,46,50,52,52,0,0,0,0,0,0,0,0,0,0,0,70,64,62,62,49,0,0,50,82,78,0,0,0,0,0,0,0,0,0,0,0,60
D20610177,Eduardo,Cruz,R,R,P,[],True,2043-11-13,73,211,Unknown,medium,brown,clean_shaven,RP,RP,,finesse_rp,0,0,0,0,50,64,47,0,51,48,50,51,52,51,50,58,62,0,0,0,0,0,0,0,0,0,0,0,0,75,71,70,81,68,79,60,76,90,0,0,0,0,58
D20610178,Eduardo,Hernandez,S,R,1B,[],False,2043-03-20,69,233,Unknown,light,red,mustache,,,average,,51,52,52,50,51,49,49,51,51,49,0,0,0,0,0,0,0,0,0,0,0,78,69,78,63,51,0,0,51,75,69,0,0,0,0,0,0,0,0,0,0,0,75
D20610179,Keven,Vesperas,L,R,1B,[],False,2043-04-23,71,187,Unknown,medium,brown,clean_shaven,,,spray,,59,49,49,51,51,48,44,49,49,52,0,0,0,0,0,0,0,0,0,0,0,82,68,64,66,51,0,0,49,70,72,0,0,0,0,0,0,0,0,0,0,0,76
D20610180,Manuel,Gonzalez,R,R,P,[],True,2043-11-07,70,185,Unknown,medium,black,clean_shaven,RP,RP,,groundball_rp,0,0,0,0,52,55,49,0,49,49,49,51,52,48,49,0,0,0,62,0,0,0,0,0,0,0,0,0,0,66,78,76,64,62,61,68,0,0,0,76,0,0,61
D20610181,Jermaine,Scott,R,R,P,[],True,2043-07-07,70,167,Unknown,medium,brown,clean_shaven,RP,SP,,groundball_sp,0,0,0,0,52,56,49,0,50,49,52,50,52,51,48,57,56,56,58,0,0,0,0,0,0,0,0,0,0,65,75,64,79,81,77,71,79,71,71,69,0,0,60
D20610182,Xavier,Allen,L,R,CF,[],False,2043-11-16,77,177,Unknown,dark,brown,clean_shaven,,,average,,49,52,48,50,49,52,46,48,52,49,0,0,0,0,0,0,0,0,0,0,0,66,71,76,66,49,0,0,48,63,70,0,0,0,0,0,0,0,0,0,0,0,70
D20610183,Deshawn,Young,R,R,P,[],True,2043-12-28,74,221,Unknown,light,brown,clean_shaven,RP,SP,,finesse_sp,0,0,0,0,50,40,48,0,50,51,52,51,52,50,51,61,58,0,0,0,0,0,0,0,0,0,0,0,0,73,70,67,67,63,67,63,80,80,0,0,0,0,50
D20610184,Lyle,Bottenfield,L,R,2B,[],False,2043-09-09,73,213,Unknown,dark,brown,goatee,,,balanced,,52,52,52,52,50,52,46,48,49,49,0,0,0,0,0,0,0,0,0,0,0,70,78,65,75,50,0,0,48,59,60,0,0,0,0,0,0,0,0,0,0,0,61
D20610185,Raul,Mendoza,R,R,P,[],True,2043-08-01,68,234,Unknown,dark,black,clean_shaven,RP,RP,,finesse_rp,0,0,0,0,51,58,50,0,48,48,52,50,52,48,46,0,59,0,0,0,0,0,0,0,0,0,0,0,0,71,63,67,75,72,64,64,0,79,0,0,0,0,61
D20610186,Carlos,Martinez,S,R,P,[],True,2043-11-22,72,161,Unknown,light,brown,clean_shaven,RP,SP,,finesse_sp,0,0,0,0,51,57,48,0,52,49,48,52,52,48,50,61,59,57,0,57,0,0,0,0,0,0,0,0,0,62,67,70,73,69,73,78,76,80,79,0,74,0,64
D20610187,Adolfo,Clukey,S,L,LF,['RF'],False,2043-07-07,70,231,Unknown,medium,blonde,clean_shaven,,,power,,51,57,50,50,51,48,52,51,51,50,0,0,0,0,0,0,0,0,0,0,0,63,71,71,65,51,0,0,51,73,73,0,0,0,0,0,0,0,0,0,0,0,74
D20610188,Terrance,Sidi,R,R,3B,[],False,2043-12-18,77,233,Unknown,dark,black,clean_shaven,,,spray,,62,51,50,50,50,52,52,52,50,51,0,0,0,0,0,0,0,0,0,0,0,90,63,78,60,50,0,0,52,63,70,0,0,0,0,0,0,0,0,0,0,0,73
D20610189,Yong,Nguyen,L,L,P,[],True,2043-12-09,72,186,Unknown,dark,black,mustache,RP,RP,,power_rp,0,0,0,0,50,46,55,0,52,49,49,51,52,51,50,0,0,61,0,0,0,0,0,0,0,0,0,0,0,75,73,79,80,66,63,65,0,0,91,0,0,0,65
D20610190,Trevor,Kientzy,R,R,2B,[],False,2043-09-15,69,221,Unknown,light,black,clean_shaven,,,power,,48,57,50,48,48,48,52,52,49,48,0,0,0,0,0,0,0,0,0,0,0,67,81,63,74,48,0,0,52,65,65,0,0,0,0,0,0,0,0,0,0,0,65
D20610191,Lynwood,Iglehart,R,R,2B,[],False,2043-04-11,77,225,Unknown,medium,brown,clean_shaven,,,spray,,60,50,50,51,52,48,56,50,50,49,0,0,0,0,0,0,0,0,0,0,0,70,63,74,66,52,0,0,50,63,59,0,0,0,0,0,0,0,0,0,0,0,66
D20610192,Joesph,Tallarico,R,R,P,[],True,2043-11-17,69,167,Unknown,light,black,clean_shaven,RP,RP,,power_rp,0,0,0,0,52,38,50,0,52,52,48,50,52,49,52,0,59,60,0,57,0,0,0,0,0,0,0,0,0,70,79,71,76,75,60,82,0,85,86,0,87,0,63
D20610193,Marco,Florin,R,R,P,[],True,2043-11-08,76,194,Unknown,dark,black,clean_shaven,RP,CL,,closer,0,0,0,0,55,36,48,0,48,49,48,50,52,49,49,0,53,65,0,0,0,0,0,0,0,0,0,0,0,65,70,80,78,71,76,79,0,81,95,0,0,0,57
D20610194,Jermaine,White,R,R,P,[],True,2043-08-03,75,236,Unknown,dark,brown,clean_shaven,RP,RP,,finesse_rp,0,0,0,0,51,59,48,0,49,50,52,50,52,48,51,59,0,0,0,0,0,0,0,0,0,0,0,0,0,79,60,64,71,72,68,67,88,0,0,0,0,0,63
D20610195,Miguel,Morales,L,R,P,[],True,2043-06-18,75,211,Unknown,light,black,goatee,RP,RP,,finesse_rp,0,0,0,0,51,59,47,0,48,49,51,52,52,48,49,61,59,0,0,0,0,0,0,0,0,0,0,0,0,65,75,81,77,77,76,76,85,77,0,0,0,0,66
D20610196,Deshawn,Young,R,R,3B,[],False,2043-05-21,77,165,Unknown,light,blonde,clean_shaven,,,balanced,,50,52,51,50,50,49,53,51,51,52,0,0,0,0,0,0,0,0,0,0,0,68,77,78,71,50,0,0,51,73,62,0,0,0,0,0,0,0,0,0,0,0,61
D20610197,Dylan,Hoylton,R,R,1B,[],False,2043-08-17,73,226,Unknown,medium,brown,clean_shaven,,,average,,51,52,49,49,48,51,56,49,48,51,0,0,0,0,0,0,0,0,0,0,0,75,75,77,59,48,0,0,49,67,68,0,0,0,0,0,0,0,0,0,0,0,66
D20610198,Hector,Gomez,L,L,1B,[],False,2043-08-12,69,250,Unknown,medium,black,clean_shaven,,,spray,,61,51,48,51,51,48,48,52,49,51,0,0,0,0,0,0,0,0,0,0,0,76,71,78,72,51,0,0,52,63,77,0,0,0,0,0,0,0,0,0,0,0,63
D20610199,Millard,Rumore,L,R,C,[],False,2043-11-12,78,208,Unknown,light,black,clean_shaven,,,average,,48,48,50,51,51,48,45,52,50,52,0,0,0,0,0,0,0,0,0,0,0,66,65,64,71,51,0,0,52,75,78,0,0,0,0,0,0,0,0,0,0,0,66
D20610200,Edgardo,Craker,R,R,1B,[],False,2043-03-12,72,230,Unknown,light,black,clean_shaven,,,spray,,59,51,51,52,50,49,54,51,52,49,0,0,0,0,0,0,0,0,0,0,0,71,66,66,73,50,0,0,51,74,71,0,0,0,0,0,0,0,0,0,0,0,75
