year,side,stat,rank,player_id,name,team_id,value
2025,batting,avg,1,P6878,Carlos Lopez,NEW,0.3371710526315789
2025,batting,avg,2,P4767,Jorge Diaz,BOS,0.32954545454545453
2025,batting,avg,3,P8652,Pedro Rivera,SAN1,0.3259493670886076
2025,batting,hr,1,P6878,Carlos Lopez,NEW,49.0
2025,batting,hr,2,P8652,Pedro Rivera,SAN1,46.0
2025,batting,hr,3,P8578,Darnell Taylor,MIL,38.0
2025,batting,rbi,1,P8652,Pedro Rivera,SAN1,135.0
2025,batting,rbi,2,P6878,Carlos Lopez,NEW,131.0
2025,batting,rbi,3,P4767,Jorge Diaz,BOS,122.0
2025,batting,sb,1,P2359,Jerrold Eppes,MIL,65.0
2025,batting,sb,2,P8872,Sam Hellar,MIL,61.0
2025,batting,sb,3,P6425,Robert Orhenkowski,BOS,59.0
2025,batting,ops,1,P6878,Carlos Lopez,NEW,1.0840910389214715
2025,batting,ops,2,P8652,Pedro Rivera,SAN1,1.018483487730712
2025,batting,ops,3,P4767,Jorge Diaz,BOS,0.9905919008944946
2025,pitching,era,1,P6647,Brant Newbold,LAS,2.3299492385786804
2025,pitching,era,2,P7706,Jan Birdo,SAN,2.5610932475884245
2025,pitching,era,3,P1613,Hector Delgado,SAN1,2.8911070780399277
2025,pitching,so,1,P6647,Brant Newbold,LAS,206.0
2025,pitching,so,2,P5013,Jorge Ramos,SAN,202.0
2025,pitching,so,3,P2629,Sean Laurenceau,DET,190.0
2025,pitching,wins,1,P5013,Jorge Ramos,SAN,18.0
2025,pitching,wins,2,P7706,Jan Birdo,SAN,16.0
2025,pitching,wins,3,P8513,Jarred Thornburg,DEN,15.0
2025,pitching,saves,1,P6034,Ronny Kerksiek,DEN,48.0
2025,pitching,saves,2,P4757,Russel Blackburn,LOS,47.0
2025,pitching,saves,3,P3891,Cesar Lona,MIL,36.0
2026,batting,avg,1,P8652,Pedro Rivera,SAN1,0.3590551181102362
2026,batting,avg,2,P9114,Antonio Diaz,NAS,0.3338509316770186
2026,batting,avg,3,P6878,Carlos Lopez,NEW,0.32901134521880065
2026,batting,hr,1,P8652,Pedro Rivera,SAN1,51.0
2026,batting,hr,2,P2346,Carlos Rodriguez,SAN1,48.0
2026,batting,hr,3,P6878,Carlos Lopez,NEW,47.0
2026,batting,rbi,1,P8652,Pedro Rivera,SAN1,151.0
2026,batting,rbi,2,P7846,Rory Dash,SAN,138.0
2026,batting,rbi,3,P9114,Antonio Diaz,NAS,135.0
2026,batting,sb,1,P4857,Marcos Hickinbotham,BOS,74.0
2026,batting,sb,2,P4740,Glen Temby,SAN,70.0
2026,batting,sb,3,P6752,Juan Cruz,LOS,69.0
2026,batting,ops,1,P8652,Pedro Rivera,SAN1,1.1258583530717197
2026,batting,ops,2,P6878,Carlos Lopez,NEW,1.0353094319938896
2026,batting,ops,3,P9114,Antonio Diaz,NAS,1.0236725548884928
2026,pitching,era,1,P9017,Francisco Gonzalez,WAS,2.313014827018122
2026,pitching,era,2,P8713,Rubin Sexson,SAN,2.59811320754717
2026,pitching,era,3,P1342,Dion Mcclary,DEN,2.6745283018867925
2026,pitching,so,1,P3531,Jose Reyes,JAC,230.0
2026,pitching,so,2,P1342,Dion Mcclary,DEN,218.0
2026,pitching,so,3,P8825,Manuel Vargas,MIL,218.0
2026,pitching,wins,1,P9017,Francisco Gonzalez,WAS,18.0
2026,pitching,wins,2,P8079,Xavier Washington,WAS,18.0
2026,pitching,wins,3,P4798,Augustine Kaai,SAN1,17.0
2026,pitching,saves,1,P6034,Ronny Kerksiek,DEN,47.0
2026,pitching,saves,2,P5871,Manuel Hernandez,SAN1,45.0
2026,pitching,saves,3,P9127,Darwin Ophus,NAS,44.0
2027,batting,avg,1,P3473,Nigel Wohlschlegel,DET,0.3157894736842105
2027,batting,avg,2,P6878,Carlos Lopez,NEW,0.31527093596059114
2027,batting,avg,3,P2144,Francisco Morales,SAN,0.31448763250883394
2027,batting,hr,1,P6878,Carlos Lopez,NEW,46.0
2027,batting,hr,2,P7784,Yong Tran,WAS,43.0
2027,batting,hr,3,P2346,Carlos Rodriguez,SAN1,42.0
2027,batting,rbi,1,P6878,Carlos Lopez,NEW,131.0
2027,batting,rbi,2,P9884,Hector Rivera,LOS,128.0
2027,batting,rbi,3,P8652,Pedro Rivera,SAN1,116.0
2027,batting,sb,1,P6752,Juan Cruz,LOS,73.0
2027,batting,sb,2,P2359,Jerrold Eppes,MIL,62.0
2027,batting,sb,3,P4857,Marcos Hickinbotham,BOS,60.0
2027,batting,ops,1,P6878,Carlos Lopez,NEW,1.0083491399575248
2027,batting,ops,2,P9884,Hector Rivera,LOS,0.9750029915041283
2027,batting,ops,3,P2346,Carlos Rodriguez,SAN1,0.96297407294874
2027,pitching,era,1,P3230,Dwayne Masturzo,POR,2.4685714285714284
2027,pitching,era,2,P2629,Sean Laurenceau,DET,2.5158069883527454
2027,pitching,era,3,P9028,Cedric King,DET,2.580530973451327
2027,pitching,so,1,P1342,Dion Mcclary,DEN,220.0
2027,pitching,so,2,P9177,Raul Hernandez,NAS,214.0
2027,pitching,so,3,P1914,Frederic Stacken,SAN,207.0
2027,pitching,wins,1,P3790,Eduardo Mendoza,WAS,17.0
2027,pitching,wins,2,P7341,Randolph Shamburg,SAN1,17.0
2027,pitching,wins,3,P1219,Deshawn Baker,POR,15.0
2027,pitching,saves,1,P4757,Russel Blackburn,LOS,45.0
2027,pitching,saves,2,P9353,Cedric Harris,WAS,43.0
2027,pitching,saves,3,P5871,Manuel Hernandez,SAN1,42.0
2028,batting,avg,1,P7268,Fernando Guerrero,JAC,0.34762633996937214
2028,batting,avg,2,P2346,Carlos Rodriguez,SAN1,0.33689024390243905
2028,batting,avg,3,P7176,Deshawn Walker,LAS,0.332312404287902
2028,batting,hr,1,P2346,Carlos Rodriguez,SAN1,47.0
2028,batting,hr,2,P7846,Rory Dash,SAN,45.0
2028,batting,hr,3,P3473,Nigel Wohlschlegel,DET,43.0
2028,batting,rbi,1,P7846,Rory Dash,SAN,143.0
2028,batting,rbi,2,P6878,Carlos Lopez,NEW,135.0
2028,batting,rbi,3,P9114,Antonio Diaz,NAS,131.0
2028,batting,sb,1,P4519,Sung Hassan,WAS,69.0
2028,batting,sb,2,P2307,Roberto Martinez,SAN,69.0
2028,batting,sb,3,P2359,Jerrold Eppes,MIL,64.0
2028,batting,ops,1,P2346,Carlos Rodriguez,SAN1,1.0587096242584046
2028,batting,ops,2,P7268,Fernando Guerrero,JAC,1.0455266574740691
2028,batting,ops,3,P6878,Carlos Lopez,NEW,1.0119755244755244
2028,pitching,era,1,P1038,Jermaine Walker,NAS,2.4098360655737703
2028,pitching,era,2,P9017,Francisco Gonzalez,WAS,2.62751677852349
2028,pitching,era,3,P1309,Pedro Flores,LOS,2.715370018975332
2028,pitching,so,1,P3531,Jose Reyes,JAC,249.0
2028,pitching,so,2,P3490,Parker Lueck,OKL,224.0
2028,pitching,so,3,P6813,Wilford Deale,DET,218.0
2028,pitching,wins,1,P7706,Jan Birdo,SAN,18.0
2028,pitching,wins,2,P1038,Jermaine Walker,NAS,17.0
2028,pitching,wins,3,P3490,Parker Lueck,OKL,16.0
2028,pitching,saves,1,P4757,Russel Blackburn,LOS,49.0
2028,pitching,saves,2,P5871,Manuel Hernandez,SAN1,47.0
2028,pitching,saves,3,P9127,Darwin Ophus,NAS,45.0
2029,batting,avg,1,P8652,Pedro Rivera,SAN1,0.33825701624815363
2029,batting,avg,2,P7784,Yong Tran,WAS,0.33115823817292006
2029,batting,avg,3,P9114,Antonio Diaz,NAS,0.3232484076433121
2029,batting,hr,1,P7268,Fernando Guerrero,JAC,54.0
2029,batting,hr,2,P4364,Hector Hernandez,LOS,43.0
2029,batting,hr,3,P2111,Basil Montore,OKL,43.0
2029,batting,rbi,1,P6878,Carlos Lopez,NEW,133.0
2029,batting,rbi,2,P2111,Basil Montore,OKL,133.0
2029,batting,rbi,3,P7784,Yong Tran,WAS,129.0
2029,batting,sb,1,P6871,Leroy Carter,WAS,76.0
2029,batting,sb,2,P4519,Sung Hassan,WAS,71.0
2029,batting,sb,3,P6752,Juan Cruz,LOS,69.0
2029,batting,ops,1,P8652,Pedro Rivera,SAN1,1.0277408938055879
2029,batting,ops,2,P7784,Yong Tran,WAS,1.000326264274062
2029,batting,ops,3,P9114,Antonio Diaz,NAS,0.9875156532941738
2029,pitching,era,1,P9177,Raul Hernandez,NAS,2.287375415282392
2029,pitching,era,2,P8873,Leonardo Dearinger,SAN,2.504215851602024
2029,pitching,era,3,P3572,Cyrus Theus,DEN,2.6234817813765186
2029,pitching,so,1,P3490,Parker Lueck,OKL,224.0
2029,pitching,so,2,P8713,Rubin Sexson,SAN,207.0
2029,pitching,so,3,P5292,Charley Liverman,NEW,206.0
2029,pitching,wins,1,P6813,Wilford Deale,DET,18.0
2029,pitching,wins,2,P5350,Asa Marchell,JAC,17.0
2029,pitching,wins,3,P8873,Leonardo Dearinger,SAN,17.0
2029,pitching,saves,1,P6034,Ronny Kerksiek,DEN,52.0
2029,pitching,saves,2,P4757,Russel Blackburn,LOS,47.0
2029,pitching,saves,3,P9353,Cedric Harris,WAS,43.0
2030,batting,avg,1,P9114,Antonio Diaz,NAS,0.3318042813455658
2030,batting,avg,2,P2111,Basil Montore,OKL,0.32727272727272727
2030,batting,avg,3,P5793,Alejandro Hernandez,SAN,0.32576985413290116
2030,batting,hr,1,P6878,Carlos Lopez,NEW,51.0
2030,batting,hr,2,P9114,Antonio Diaz,NAS,50.0
2030,batting,hr,3,P4767,Jorge Diaz,BOS,42.0
2030,batting,rbi,1,P6878,Carlos Lopez,NEW,148.0
2030,batting,rbi,2,P2111,Basil Montore,OKL,132.0
2030,batting,rbi,3,P4767,Jorge Diaz,BOS,132.0
2030,batting,sb,1,P6871,Leroy Carter,WAS,78.0
2030,batting,sb,2,P4519,Sung Hassan,WAS,77.0
2030,batting,sb,3,P6752,Juan Cruz,LOS,75.0
2030,batting,ops,1,P9114,Antonio Diaz,NAS,1.0245772309101782
2030,batting,ops,2,P6878,Carlos Lopez,NEW,1.0221998353182544
2030,batting,ops,3,P2111,Basil Montore,OKL,0.9956582470026772
2030,pitching,era,1,P9525,Malik Robinson,WAS,2.1577868852459017
2030,pitching,era,2,P4515,Mckinley Fariello,JAC,2.2864864864864867
2030,pitching,era,3,P3256,Sung Kim,JAC,2.6526315789473682
2030,pitching,so,1,P8381,Lane Ominelli,MIL,234.0
2030,pitching,so,2,P8257,Luis Ortiz,DET,226.0
2030,pitching,so,3,P8713,Rubin Sexson,SAN,221.0
2030,pitching,wins,1,P4515,Mckinley Fariello,JAC,17.0
2030,pitching,wins,2,P5350,Asa Marchell,JAC,16.0
2030,pitching,wins,3,P2508,Claudio Daigle,OKL,16.0
2030,pitching,saves,1,P4757,Russel Blackburn,LOS,44.0
2030,pitching,saves,2,P5871,Manuel Hernandez,SAN1,44.0
2030,pitching,saves,3,P7238,Jermaine Mitchell,NEW,43.0
2031,batting,avg,1,P7268,Fernando Guerrero,JAC,0.3415384615384615
2031,batting,avg,2,P6878,Carlos Lopez,NEW,0.3317901234567901
2031,batting,avg,3,P7846,Rory Dash,SAN,0.3289902280130293
2031,batting,hr,1,P6257,Johnathan Claes,JAC,44.0
2031,batting,hr,2,P7176,Deshawn Walker,LAS,44.0
2031,batting,hr,3,P6878,Carlos Lopez,NEW,44.0
2031,batting,rbi,1,P6257,Johnathan Claes,JAC,135.0
2031,batting,rbi,2,P7176,Deshawn Walker,LAS,133.0
2031,batting,rbi,3,P7846,Rory Dash,SAN,128.0
2031,batting,sb,1,P4519,Sung Hassan,WAS,69.0
2031,batting,sb,2,P6752,Juan Cruz,LOS,66.0
2031,batting,sb,3,P6871,Leroy Carter,WAS,64.0
2031,batting,ops,1,P7268,Fernando Guerrero,JAC,1.0330031612223394
2031,batting,ops,2,P6878,Carlos Lopez,NEW,1.009567901234568
2031,batting,ops,3,P7846,Rory Dash,SAN,0.9814341475117883
2031,pitching,era,1,P1922,Cristopher Kole,DEN,2.253913043478261
2031,pitching,era,2,P1038,Jermaine Walker,NAS,2.3275862068965516
2031,pitching,era,3,P7706,Jan Birdo,SAN,2.367622259696459
2031,pitching,so,1,P2544,Rufus Gaines,LOS,225.0
2031,pitching,so,2,P8381,Lane Ominelli,MIL,214.0
2031,pitching,so,3,P5292,Charley Liverman,NEW,212.0
2031,pitching,wins,1,P7706,Jan Birdo,SAN,17.0
2031,pitching,wins,2,P7942,Alex Segundo,LAS,16.0
2031,pitching,wins,3,P8713,Rubin Sexson,SAN,16.0
2031,pitching,saves,1,P6034,Ronny Kerksiek,DEN,52.0
2031,pitching,saves,2,P5645,Raul Flores,DET,46.0
2031,pitching,saves,3,P9127,Darwin Ophus,NAS,44.0
2032,batting,avg,1,P9114,Antonio Diaz,NAS,0.3425076452599388
2032,batting,avg,2,P7784,Yong Tran,WAS,0.3307453416149068
2032,batting,avg,3,P6878,Carlos Lopez,NEW,0.3307453416149068
2032,batting,hr,1,P6878,Carlos Lopez,NEW,58.0
2032,batting,hr,2,P9114,Antonio Diaz,NAS,53.0
2032,batting,hr,3,P7176,Deshawn Walker,LAS,48.0
2032,batting,rbi,1,P6878,Carlos Lopez,NEW,146.0
2032,batting,rbi,2,P9114,Antonio Diaz,NAS,140.0
2032,batting,rbi,3,P7268,Fernando Guerrero,JAC,129.0
2032,batting,sb,1,P4408,Greg Fortna,SAN1,69.0
2032,batting,sb,2,P6752,Juan Cruz,LOS,67.0
2032,batting,sb,3,P4519,Sung Hassan,WAS,65.0
2032,batting,ops,1,P9114,Antonio Diaz,NAS,1.0670161642638707
2032,batting,ops,2,P6878,Carlos Lopez,NEW,1.059575498551291
2032,batting,ops,3,P7176,Deshawn Walker,LAS,1.0123883526769641
2032,pitching,era,1,P9312,Alejandro Morales,LAS,2.619402985074627
2032,pitching,era,2,P8873,Leonardo Dearinger,SAN,2.6584615384615384
2032,pitching,era,3,P9525,Malik Robinson,WAS,2.662629757785467
2032,pitching,so,1,P3531,Jose Reyes,JAC,233.0
2032,pitching,so,2,P8713,Rubin Sexson,SAN,222.0
2032,pitching,so,3,P8873,Leonardo Dearinger,SAN,214.0
2032,pitching,wins,1,P3531,Jose Reyes,JAC,17.0
2032,pitching,wins,2,P9879,Stacey Pettett,WAS,17.0
2032,pitching,wins,3,P1613,Hector Delgado,SAN1,17.0
2032,pitching,saves,1,P5871,Manuel Hernandez,SAN1,50.0
2032,pitching,saves,2,P6034,Ronny Kerksiek,DEN,49.0
2032,pitching,saves,3,P4757,Russel Blackburn,LOS,45.0
2033,batting,avg,1,P7846,Rory Dash,SAN,0.3223684210526316
2033,batting,avg,2,P7176,Deshawn Walker,LAS,0.3180428134556575
2033,batting,avg,3,P9114,Antonio Diaz,NAS,0.31478770131771594
2033,batting,hr,1,P9114,Antonio Diaz,NAS,45.0
2033,batting,hr,2,P5640,Raul Castillo,NAS,41.0
2033,batting,hr,3,P7846,Rory Dash,SAN,41.0
2033,batting,rbi,1,P7846,Rory Dash,SAN,127.0
2033,batting,rbi,2,P5640,Raul Castillo,NAS,113.0
2033,batting,rbi,3,P7784,Yong Tran,WAS,110.0
2033,batting,sb,1,P2307,Roberto Martinez,SAN,70.0
2033,batting,sb,2,P6752,Juan Cruz,LOS,66.0
2033,batting,sb,3,P6425,Robert Orhenkowski,BOS,65.0
2033,batting,ops,1,P7846,Rory Dash,SAN,0.9961167244759463
2033,batting,ops,2,P9114,Antonio Diaz,NAS,0.9720876484251033
2033,batting,ops,3,P7176,Deshawn Walker,LAS,0.9660737689571242
2033,pitching,era,1,P4001,Leroy Scott,LOS,2.459016393442623
2033,pitching,era,2,P9525,Malik Robinson,WAS,2.6353591160220993
2033,pitching,era,3,P6776,Omar Roddey,NEW,2.687964338781575
2033,pitching,so,1,P3346,Evan Silvaggio,BOS,277.0
2033,pitching,so,2,P6289,Jude Scharf,DET,247.0
2033,pitching,so,3,P8873,Leonardo Dearinger,SAN,240.0
2033,pitching,wins,1,P5267,Rafael Hernandez,POR,17.0
2033,pitching,wins,2,P6776,Omar Roddey,NEW,16.0
2033,pitching,wins,3,P4810,Sherman Cusworth,SAN1,16.0
2033,pitching,saves,1,P9127,Darwin Ophus,NAS,45.0
2033,pitching,saves,2,P6557,Hector Vasquez,BOS,45.0
2033,pitching,saves,3,P5871,Manuel Hernandez,SAN1,44.0
2034,batting,avg,1,P4364,Hector Hernandez,LOS,0.3204334365325077
2034,batting,avg,2,P7846,Rory Dash,SAN,0.3173076923076923
2034,batting,avg,3,P6878,Carlos Lopez,NEW,0.3168
2034,batting,hr,1,P4767,Jorge Diaz,BOS,44.0
2034,batting,hr,2,P6878,Carlos Lopez,NEW,43.0
2034,batting,hr,3,P2192,Xavier King,POR,42.0
2034,batting,rbi,1,P4767,Jorge Diaz,BOS,142.0
2034,batting,rbi,2,P7846,Rory Dash,SAN,126.0
2034,batting,rbi,3,P6878,Carlos Lopez,NEW,125.0
2034,batting,sb,1,P8872,Sam Hellar,MIL,69.0
2034,batting,sb,2,P2359,Jerrold Eppes,MIL,68.0
2034,batting,sb,3,P4408,Greg Fortna,SAN1,66.0
2034,batting,ops,1,P6878,Carlos Lopez,NEW,0.995971270718232
2034,batting,ops,2,P4767,Jorge Diaz,BOS,0.9773866484392799
2034,batting,ops,3,P7846,Rory Dash,SAN,0.9768369077579604
2034,pitching,era,1,P3346,Evan Silvaggio,BOS,2.470881863560732
2034,pitching,era,2,P8381,Lane Ominelli,MIL,2.5672131147540984
2034,pitching,era,3,P8873,Leonardo Dearinger,SAN,2.6611909650924024
2034,pitching,so,1,P9525,Malik Robinson,WAS,230.0
2034,pitching,so,2,P3490,Parker Lueck,OKL,215.0
2034,pitching,so,3,P2870,Milton Blankenberg,DEN,211.0
2034,pitching,wins,1,P5545,Ricardo Flores,SAN,19.0
2034,pitching,wins,2,P6289,Jude Scharf,DET,17.0
2034,pitching,wins,3,P8381,Lane Ominelli,MIL,17.0
2034,pitching,saves,1,P4757,Russel Blackburn,LOS,47.0
2034,pitching,saves,2,P2137,Percy Baker,SAN,47.0
2034,pitching,saves,3,P7238,Jermaine Mitchell,NEW,42.0
2035,batting,avg,1,P6878,Carlos Lopez,NEW,0.3601236476043277
2035,batting,avg,2,P2111,Basil Montore,OKL,0.32339089481946626
2035,batting,avg,3,P4364,Hector Hernandez,LOS,0.31666666666666665
2035,batting,hr,1,P6878,Carlos Lopez,NEW,46.0
2035,batting,hr,2,P4364,Hector Hernandez,LOS,45.0
2035,batting,hr,3,P2192,Xavier King,POR,44.0
2035,batting,rbi,1,P6878,Carlos Lopez,NEW,147.0
2035,batting,rbi,2,P7846,Rory Dash,SAN,122.0
2035,batting,rbi,3,P2111,Basil Montore,OKL,122.0
2035,batting,sb,1,P4519,Sung Hassan,WAS,74.0
2035,batting,sb,2,P2359,Jerrold Eppes,MIL,69.0
2035,batting,sb,3,P4408,Greg Fortna,SAN1,66.0
2035,batting,ops,1,P6878,Carlos Lopez,NEW,1.1041106842731963
2035,batting,ops,2,P4364,Hector Hernandez,LOS,0.9821063899868248
2035,batting,ops,3,P2111,Basil Montore,OKL,0.973141144569716
2035,pitching,era,1,P4810,Sherman Cusworth,SAN1,2.5471698113207544
2035,pitching,era,2,P7701,Deshawn Robinson,LOS,2.6007005253940454
2035,pitching,era,3,P2396,Carlos Torres,POR,2.7551020408163267
2035,pitching,so,1,P8079,Xavier Washington,WAS,235.0
2035,pitching,so,2,P3346,Evan Silvaggio,BOS,219.0
2035,pitching,so,3,P3490,Parker Lueck,OKL,207.0
2035,pitching,wins,1,P7122,Miguel Martinez,LAS,17.0
2035,pitching,wins,2,P7706,Jan Birdo,SAN,17.0
2035,pitching,wins,3,P5994,Jorge Perez,SAN,17.0
2035,pitching,saves,1,P7238,Jermaine Mitchell,NEW,45.0
2035,pitching,saves,2,P9353,Cedric Harris,WAS,43.0
2035,pitching,saves,3,P2137,Percy Baker,SAN,42.0
2036,batting,avg,1,P7846,Rory Dash,SAN,0.3371900826446281
2036,batting,avg,2,P4767,Jorge Diaz,BOS,0.3359013867488444
2036,batting,avg,3,P4364,Hector Hernandez,LOS,0.32575757575757575
2036,batting,hr,1,P7176,Deshawn Walker,LAS,44.0
2036,batting,hr,2,P6169,Xavier White,OKL,44.0
2036,batting,hr,3,P9114,Antonio Diaz,NAS,41.0
2036,batting,rbi,1,P4767,Jorge Diaz,BOS,137.0
2036,batting,rbi,2,P7846,Rory Dash,SAN,129.0
2036,batting,rbi,3,P7176,Deshawn Walker,LAS,117.0
2036,batting,sb,1,P4519,Sung Hassan,WAS,66.0
2036,batting,sb,2,P3824,Kenton Meck,LOS,65.0
2036,batting,sb,3,P4857,Marcos Hickinbotham,BOS,64.0
2036,batting,ops,1,P7846,Rory Dash,SAN,1.027615690570891
2036,batting,ops,2,P7176,Deshawn Walker,LAS,1.0015297889320551
2036,batting,ops,3,P6169,Xavier White,OKL,0.98761450711249
2036,pitching,era,1,P6813,Wilford Deale,DET,2.3080645161290323
2036,pitching,era,2,P8739,Rafael Vargas,LAS,2.3855421686746987
2036,pitching,era,3,P2870,Milton Blankenberg,DEN,2.655
2036,pitching,so,1,P8079,Xavier Washington,WAS,248.0
2036,pitching,so,2,P4515,Mckinley Fariello,JAC,209.0
2036,pitching,so,3,P3531,Jose Reyes,JAC,209.0
2036,pitching,wins,1,P9702,Deshawn Jackson,POR,17.0
2036,pitching,wins,2,P5267,Rafael Hernandez,POR,17.0
2036,pitching,wins,3,P4453,Malik Carter,SAN,17.0
2036,pitching,saves,1,P9353,Cedric Harris,WAS,42.0
2036,pitching,saves,2,P7238,Jermaine Mitchell,NEW,41.0
2036,pitching,saves,3,P4757,Russel Blackburn,LOS,40.0
2037,batting,avg,1,P9114,Antonio Diaz,NAS,0.32230215827338127
2037,batting,avg,2,P7268,Fernando Guerrero,JAC,0.3153846153846154
2037,batting,avg,3,P2111,Basil Montore,OKL,0.31017770597738287
2037,batting,hr,1,P9114,Antonio Diaz,NAS,46.0
2037,batting,hr,2,P7268,Fernando Guerrero,JAC,39.0
2037,batting,hr,3,P6169,Xavier White,OKL,39.0
2037,batting,rbi,1,P6257,Johnathan Claes,JAC,114.0
2037,batting,rbi,2,P9114,Antonio Diaz,NAS,113.0
2037,batting,rbi,3,P5793,Alejandro Hernandez,SAN,113.0
2037,batting,sb,1,P2307,Roberto Martinez,SAN,67.0
2037,batting,sb,2,P2359,Jerrold Eppes,MIL,67.0
2037,batting,sb,3,P3824,Kenton Meck,LOS,60.0
2037,batting,ops,1,P9114,Antonio Diaz,NAS,0.970592813348266
2037,batting,ops,2,P7268,Fernando Guerrero,JAC,0.9492971179763632
2037,batting,ops,3,P2111,Basil Montore,OKL,0.9491656276862732
2037,pitching,era,1,P8204,Miguel Vargas,NAS,2.1826347305389224
2037,pitching,era,2,P8079,Xavier Washington,WAS,2.3426470588235295
2037,pitching,era,3,P6776,Omar Roddey,NEW,2.6
2037,pitching,so,1,P8381,Lane Ominelli,MIL,228.0
2037,pitching,so,2,P8079,Xavier Washington,WAS,223.0
2037,pitching,so,3,P3531,Jose Reyes,JAC,222.0
2037,pitching,wins,1,P8204,Miguel Vargas,NAS,21.0
2037,pitching,wins,2,P9702,Deshawn Jackson,POR,17.0
2037,pitching,wins,3,P6004,Darnell King,JAC,16.0
2037,pitching,saves,1,P6557,Hector Vasquez,BOS,49.0
2037,pitching,saves,2,P9353,Cedric Harris,WAS,43.0
2037,pitching,saves,3,P7238,Jermaine Mitchell,NEW,43.0
2038,batting,avg,1,P6257,Johnathan Claes,JAC,0.345718901453958
2038,batting,avg,2,P4047,Alejandro Delgado,DEN,0.33432835820895523
2038,batting,avg,3,P4767,Jorge Diaz,BOS,0.32507739938080493
2038,batting,hr,1,P6257,Johnathan Claes,JAC,46.0
2038,batting,hr,2,P7846,Rory Dash,SAN,43.0
2038,batting,hr,3,P4767,Jorge Diaz,BOS,42.0
2038,batting,rbi,1,P6257,Johnathan Claes,JAC,135.0
2038,batting,rbi,2,P2911,Yong Tanaka,POR,131.0
2038,batting,rbi,3,P5640,Raul Castillo,NAS,125.0
2038,batting,sb,1,P4857,Marcos Hickinbotham,BOS,64.0
2038,batting,sb,2,P3824,Kenton Meck,LOS,61.0
2038,batting,sb,3,P2359,Jerrold Eppes,MIL,60.0
2038,batting,ops,1,P6257,Johnathan Claes,JAC,1.0467591032182333
2038,batting,ops,2,P4767,Jorge Diaz,BOS,0.9859827052418063
2038,batting,ops,3,P7846,Rory Dash,SAN,0.9641745468873129
2038,pitching,era,1,P8079,Xavier Washington,WAS,2.3551401869158877
2038,pitching,era,2,P2629,Sean Laurenceau,DET,2.551546391752577
2038,pitching,era,3,P3531,Jose Reyes,JAC,2.6202531645569622
2038,pitching,so,1,P3531,Jose Reyes,JAC,243.0
2038,pitching,so,2,P8204,Miguel Vargas,NAS,243.0
2038,pitching,so,3,P2544,Rufus Gaines,LOS,242.0
2038,pitching,wins,1,P5267,Rafael Hernandez,POR,17.0
2038,pitching,wins,2,P1097,Nolan Conti,SAN,17.0
2038,pitching,wins,3,P9702,Deshawn Jackson,POR,16.0
2038,pitching,saves,1,P5871,Manuel Hernandez,SAN1,49.0
2038,pitching,saves,2,P4757,Russel Blackburn,LOS,38.0
2038,pitching,saves,3,P9353,Cedric Harris,WAS,37.0
2039,batting,avg,1,P7268,Fernando Guerrero,JAC,0.3379416282642089
2039,batting,avg,2,P7952,Roberto Flores,SAN1,0.3264
2039,batting,avg,3,P4364,Hector Hernandez,LOS,0.32083958020989506
2039,batting,hr,1,P7268,Fernando Guerrero,JAC,48.0
2039,batting,hr,2,P2111,Basil Montore,OKL,45.0
2039,batting,hr,3,P6183,Jose Cruz,DEN,42.0
2039,batting,rbi,1,P7268,Fernando Guerrero,JAC,127.0
2039,batting,rbi,2,P2111,Basil Montore,OKL,125.0
2039,batting,rbi,3,P6257,Johnathan Claes,JAC,117.0
2039,batting,sb,1,P2359,Jerrold Eppes,MIL,65.0
2039,batting,sb,2,P4408,Greg Fortna,SAN1,60.0
2039,batting,sb,3,P9448,Eduardo Cruz,JAC,55.0
2039,batting,ops,1,P7268,Fernando Guerrero,JAC,1.0466328849084028
2039,batting,ops,2,P2111,Basil Montore,OKL,0.9723840709932008
2039,batting,ops,3,P9884,Hector Rivera,DEN,0.9712611607142857
2039,pitching,era,1,P9647,Eduardo Morales,SAN1,1.9148936170212767
2039,pitching,era,2,P6776,Omar Roddey,NEW,2.3630470016207457
2039,pitching,era,3,P7887,Malik Jackson,NEW,2.4588441330998245
2039,pitching,so,1,P3531,Jose Reyes,JAC,232.0
2039,pitching,so,2,P9525,Malik Robinson,WAS,229.0
2039,pitching,so,3,P8204,Miguel Vargas,NAS,228.0
2039,pitching,wins,1,P9647,Eduardo Morales,SAN1,19.0
2039,pitching,wins,2,P7713,Kerry Demer,POR,18.0
2039,pitching,wins,3,P1038,Jermaine Walker,NAS,18.0
2039,pitching,saves,1,P5871,Manuel Hernandez,SAN1,41.0
2039,pitching,saves,2,P9876,Rufus Robinson,LAS,31.0
2039,pitching,saves,3,P4757,Russel Blackburn,LOS,30.0
2040,batting,avg,1,P6183,Jose Cruz,DEN,0.31338582677165355
2040,batting,avg,2,P4364,Hector Hernandez,LOS,0.31164901664145234
2040,batting,avg,3,P3774,Rufus Young,SAN1,0.30903790087463556
2040,batting,hr,1,P7268,Fernando Guerrero,JAC,40.0
2040,batting,hr,2,P7846,Rory Dash,SAN,40.0
2040,batting,hr,3,P2111,Basil Montore,OKL,38.0
2040,batting,rbi,1,P2111,Basil Montore,OKL,116.0
2040,batting,rbi,2,P3930,Wilfredo Neubaum,NAS,114.0
2040,batting,rbi,3,P3534,Darnell Walker,SAN,113.0
2040,batting,sb,1,P2359,Jerrold Eppes,MIL,72.0
2040,batting,sb,2,P4857,Marcos Hickinbotham,BOS,65.0
2040,batting,sb,3,P5390,Luis Rivera,NEW,59.0
2040,batting,ops,1,P7268,Fernando Guerrero,JAC,0.9440782153983088
2040,batting,ops,2,P7846,Rory Dash,SAN,0.932007847905383
2040,batting,ops,3,P4364,Hector Hernandez,LOS,0.919552193645991
2040,pitching,era,1,P2544,Rufus Gaines,LOS,2.347826086956522
2040,pitching,era,2,P8152,Carlos Mendoza,OKL,2.4347826086956523
2040,pitching,era,3,P3531,Jose Reyes,JAC,2.6129032258064515
2040,pitching,so,1,P4393,Damien Wooden,BOS,242.0
2040,pitching,so,2,P8101,Fernando Vasquez,DET,225.0
2040,pitching,so,3,P8513,Jarred Thornburg,SAN1,225.0
2040,pitching,wins,1,P8152,Carlos Mendoza,OKL,20.0
2040,pitching,wins,2,P7122,Miguel Martinez,JAC,17.0
2040,pitching,wins,3,P6941,Percy Allen,NEW,15.0
2040,pitching,saves,1,P4757,Russel Blackburn,LOS,42.0
2040,pitching,saves,2,P5871,Manuel Hernandez,SAN1,38.0
2040,pitching,saves,3,P4048,Luis Vargas,NAS,32.0
2041,batting,avg,1,P7268,Fernando Guerrero,JAC,0.34054834054834054
2041,batting,avg,2,P7846,Rory Dash,SAN,0.3323615160349854
2041,batting,avg,3,P4144,Sydney Blue,DEN,0.32669983416252074
2041,batting,hr,1,P7846,Rory Dash,SAN,52.0
2041,batting,hr,2,P6257,Johnathan Claes,JAC,40.0
2041,batting,hr,3,P4364,Hector Hernandez,LOS,40.0
2041,batting,rbi,1,P6257,Johnathan Claes,JAC,127.0
2041,batting,rbi,2,P2111,Basil Montore,OKL,119.0
2041,batting,rbi,3,P7268,Fernando Guerrero,JAC,114.0
2041,batting,sb,1,P4857,Marcos Hickinbotham,BOS,70.0
2041,batting,sb,2,P5390,Luis Rivera,NEW,69.0
2041,batting,sb,3,P7199,Danilo Briggerman,NEW,64.0
2041,batting,ops,1,P7846,Rory Dash,SAN,1.0348161880658784
2041,batting,ops,2,P7268,Fernando Guerrero,JAC,0.9971997765921148
2041,batting,ops,3,P4767,Jorge Diaz,SAN1,0.9470542656501686
2041,pitching,era,1,P1342,Dion Mcclary,DEN,2.238095238095238
2041,pitching,era,2,P10019,Hollis Pumarejo,DET,2.4923076923076923
2041,pitching,era,3,P6641,Sung Huang,DEN,2.5327433628318583
2041,pitching,so,1,P3346,Evan Silvaggio,LAS,246.0
2041,pitching,so,2,P6414,Darnell Green,POR,244.0
2041,pitching,so,3,P4194,Ignacio Morber,LOS,228.0
2041,pitching,wins,1,P6641,Sung Huang,DEN,18.0
2041,pitching,wins,2,P8829,Jermaine Taylor,OKL,17.0
2041,pitching,wins,3,P5350,Asa Marchell,SAN1,17.0
2041,pitching,saves,1,P9353,Cedric Harris,WAS,48.0
2041,pitching,saves,2,P4757,Russel Blackburn,LOS,45.0
2041,pitching,saves,3,P5871,Manuel Hernandez,SAN1,43.0
2042,batting,avg,1,P2083,Raul Garcia,MIL,0.3786848072562358
2042,batting,avg,2,P6878,Carlos Lopez,DET,0.3400309119010819
2042,batting,avg,3,P4364,Hector Hernandez,LOS,0.32975460122699385
2042,batting,hr,1,P7268,Fernando Guerrero,JAC,48.0
2042,batting,hr,2,P6878,Carlos Lopez,DET,39.0
2042,batting,hr,3,P10025,Joan Lupiani,SAN,37.0
2042,batting,rbi,1,P7268,Fernando Guerrero,JAC,119.0
2042,batting,rbi,2,P6878,Carlos Lopez,DET,111.0
2042,batting,rbi,3,P2911,Yong Tanaka,POR,103.0
2042,batting,sb,1,P7199,Danilo Briggerman,NEW,61.0
2042,batting,sb,2,P4678,Leroy King,SAN,60.0
2042,batting,sb,3,P4857,Marcos Hickinbotham,BOS,60.0
2042,batting,ops,1,P2083,Raul Garcia,MIL,1.161810466760962
2042,batting,ops,2,P6878,Carlos Lopez,DET,1.010204415300737
2042,batting,ops,3,P7268,Fernando Guerrero,JAC,0.9966559685267626
2042,pitching,era,1,P10155,Lyman Klepper,OKL,2.2897526501766787
2042,pitching,era,2,P3531,Jose Reyes,JAC,2.353846153846154
2042,pitching,era,3,P6414,Darnell Green,POR,2.3592233009708736
2042,pitching,so,1,P4453,Malik Carter,WAS,276.0
2042,pitching,so,2,P7224,Malik Baker,WAS,229.0
2042,pitching,so,3,P6414,Darnell Green,POR,223.0
2042,pitching,wins,1,P6647,Brant Newbold,LAS,18.0
2042,pitching,wins,2,P6414,Darnell Green,POR,16.0
2042,pitching,wins,3,P6762,Darnell Allen,NEW,15.0
2042,pitching,saves,1,P5871,Manuel Hernandez,SAN1,40.0
2042,pitching,saves,2,P9353,Cedric Harris,WAS,39.0
2042,pitching,saves,3,P2942,Martin Shinnick,DET,28.0
2043,batting,avg,1,P7268,Fernando Guerrero,SAN,0.324031007751938
2043,batting,avg,2,P7846,Rory Dash,SAN,0.3203592814371258
2043,batting,avg,3,P4144,Sydney Blue,DEN,0.30849220103986136
2043,batting,hr,1,P7268,Fernando Guerrero,SAN,39.0
2043,batting,hr,2,P2111,Basil Montore,OKL,38.0
2043,batting,hr,3,P4402,Carter Hurtgen,DET,37.0
2043,batting,rbi,1,P4766,Nathaniel Szydlowski,NAS,112.0
2043,batting,rbi,2,P10025,Joan Lupiani,BOS,110.0
2043,batting,rbi,3,P7268,Fernando Guerrero,SAN,108.0
2043,batting,sb,1,P5390,Luis Rivera,NEW,74.0
2043,batting,sb,2,P3824,Kenton Meck,LOS,66.0
2043,batting,sb,3,P4857,Marcos Hickinbotham,BOS,64.0
2043,batting,ops,1,P7268,Fernando Guerrero,SAN,1.0017905291540277
2043,batting,ops,2,P2111,Basil Montore,OKL,0.9451202139084314
2043,batting,ops,3,P7846,Rory Dash,SAN,0.9114803180524197
2043,pitching,era,1,P8204,Miguel Vargas,NAS,1.6541501976284585
2043,pitching,era,2,P10111,Dewayne Kuhr,MIL,1.7224137931034482
2043,pitching,era,3,P2396,Carlos Torres,POR,1.9384615384615385
2043,pitching,so,1,P5837,Edward Schlein,JAC,245.0
2043,pitching,so,2,P3790,Eduardo Mendoza,WAS,239.0
2043,pitching,so,3,P8829,Jermaine Taylor,DET,217.0
2043,pitching,wins,1,P2396,Carlos Torres,POR,17.0
2043,pitching,wins,2,P3917,Cedric White,SAN,16.0
2043,pitching,wins,3,P3054,Jose Rodriguez,LOS,16.0
2043,pitching,saves,1,P5871,Manuel Hernandez,SAN1,46.0
2043,pitching,saves,2,P5672,Arnoldo Buther,DEN,34.0
2043,pitching,saves,3,P3338,Jorge Guerrero,BOS,27.0
2044,batting,avg,1,P3930,Wilfredo Neubaum,NAS,0.3468118195956454
2044,batting,avg,2,P2192,Xavier King,POR,0.3193403298350825
2044,batting,avg,3,P4144,Sydney Blue,DEN,0.31107491856677527
2044,batting,hr,1,P7268,Fernando Guerrero,MIL,38.0
2044,batting,hr,2,P3930,Wilfredo Neubaum,NAS,36.0
2044,batting,hr,3,P2192,Xavier King,POR,35.0
2044,batting,rbi,1,P2192,Xavier King,POR,107.0
2044,batting,rbi,2,P7268,Fernando Guerrero,MIL,107.0
2044,batting,rbi,3,P4144,Sydney Blue,DEN,106.0
2044,batting,sb,1,P4678,Leroy King,POR,66.0
2044,batting,sb,2,P4408,Greg Fortna,SAN1,66.0
2044,batting,sb,3,P4190,Antonio Castillo,DET,60.0
2044,batting,ops,1,P3930,Wilfredo Neubaum,NAS,1.0001072558588513
2044,batting,ops,2,P2192,Xavier King,POR,0.9329100469791806
2044,batting,ops,3,P4364,Hector Hernandez,LOS,0.9052542800130986
2044,pitching,era,1,P5738,Nigel Bielecki,DEN,1.7386363636363635
2044,pitching,era,2,P3176,Francisco Torres,JAC,1.9877300613496933
2044,pitching,era,3,P9651,Zane Vanwagoner,LAS,2.221757322175732
2044,pitching,so,1,P9651,Zane Vanwagoner,LAS,241.0
2044,pitching,so,2,P6776,Omar Roddey,NEW,216.0
2044,pitching,so,3,P10039,Kent Guerreiro,SAN1,205.0
2044,pitching,wins,1,P5541,Elmo Igbal,NAS,16.0
2044,pitching,wins,2,P5281,Lyndon Bieri,SAN,15.0
2044,pitching,wins,3,P1342,Dion Mcclary,DEN,15.0
2044,pitching,saves,1,P5871,Manuel Hernandez,SAN1,44.0
2044,pitching,saves,2,P7352,Dale Brawn,LAS,30.0
2044,pitching,saves,3,P10148,Jasper Meconi,SAN,27.0
2045,batting,avg,1,P7176,Deshawn Walker,BOS,0.34
2045,batting,avg,2,P10108,Manuel Ramos,NAS,0.33068362480127184
2045,batting,avg,3,P4364,Hector Hernandez,LOS,0.3210862619808307
2045,batting,hr,1,P7176,Deshawn Walker,BOS,44.0
2045,batting,hr,2,P4364,Hector Hernandez,LOS,41.0
2045,batting,hr,3,P9114,Antonio Diaz,BOS,39.0
2045,batting,rbi,1,P4364,Hector Hernandez,LOS,122.0
2045,batting,rbi,2,P7176,Deshawn Walker,BOS,115.0
2045,batting,rbi,3,P10108,Manuel Ramos,NAS,112.0
2045,batting,sb,1,P4740,Glen Temby,WAS,76.0
2045,batting,sb,2,P4519,Sung Hassan,LOS,72.0
2045,batting,sb,3,P4857,Marcos Hickinbotham,BOS,68.0
2045,batting,ops,1,P7176,Deshawn Walker,BOS,1.0246153846153847
2045,batting,ops,2,P4364,Hector Hernandez,LOS,0.9915170987351127
2045,batting,ops,3,P9114,Antonio Diaz,BOS,0.9724579479008197
2045,pitching,era,1,P3490,Parker Lueck,OKL,2.330935251798561
2045,pitching,era,2,P10066,Andreas Blacksmith,MIL,2.336016096579477
2045,pitching,era,3,P5202,Ricardo Garcia,SAN,2.430868167202572
2045,pitching,so,1,P6170,Danilo Mckennan,DEN,258.0
2045,pitching,so,2,P9312,Alejandro Morales,NAS,235.0
2045,pitching,so,3,P3790,Eduardo Mendoza,WAS,228.0
2045,pitching,wins,1,P1748,Roberto Ortiz,NEW,19.0
2045,pitching,wins,2,P10143,Scot Glock,SAN1,17.0
2045,pitching,wins,3,P10155,Lyman Klepper,NEW,17.0
2045,pitching,saves,1,P6034,Ronny Kerksiek,DEN,38.0
2045,pitching,saves,2,P7589,Brenton Jaremka,NAS,31.0
2045,pitching,saves,3,P3256,Sung Kim,POR,25.0
2046,batting,avg,1,P3807,Roberto Lopez,BOS,0.3269230769230769
2046,batting,avg,2,P8652,Pedro Rivera,OKL,0.3221884498480243
2046,batting,avg,3,P10189,Wilford Demetriou,SAN1,0.31703470031545744
2046,batting,hr,1,P10127,Lane Lajoy,POR,42.0
2046,batting,hr,2,P4364,Hector Hernandez,LOS,40.0
2046,batting,hr,3,P2192,Xavier King,POR,39.0
2046,batting,rbi,1,P5793,Alejandro Hernandez,BOS,119.0
2046,batting,rbi,2,P8652,Pedro Rivera,OKL,113.0
2046,batting,rbi,3,P4571,Ronny Thurstonson,JAC,109.0
2046,batting,sb,1,P4740,Glen Temby,LAS,75.0
2046,batting,sb,2,P3824,Kenton Meck,WAS,68.0
2046,batting,sb,3,P9991,Mauricio Reyolds,BOS,68.0
2046,batting,ops,1,P4364,Hector Hernandez,LOS,0.9780413080448132
2046,batting,ops,2,P4571,Ronny Thurstonson,JAC,0.9768526439804652
2046,batting,ops,3,P3807,Roberto Lopez,BOS,0.9619802677942213
2046,pitching,era,1,P2496,Pedro Ramirez,BOS,2.4073426573426575
2046,pitching,era,2,P1793,Cedric Carter,DEN,2.513793103448276
2046,pitching,era,3,D20280115,Tyrone Jefferson,JAC,2.6052631578947367
2046,pitching,so,1,P6414,Darnell Green,WAS,244.0
2046,pitching,so,2,D20330162,Antonio Ramos,NEW,206.0
2046,pitching,so,3,P3490,Parker Lueck,OKL,205.0
2046,pitching,wins,1,P8354,Miguel Torres,SAN1,18.0
2046,pitching,wins,2,P1793,Cedric Carter,DEN,17.0
2046,pitching,wins,3,D20280061,Deshawn King,BOS,17.0
2046,pitching,saves,1,P3891,Cesar Lona,MIL,48.0
2046,pitching,saves,2,P5672,Arnoldo Buther,DEN,31.0
2046,pitching,saves,3,P3176,Francisco Torres,WAS,25.0
2047,batting,avg,1,P4364,Hector Hernandez,SAN1,0.32909379968203495
2047,batting,avg,2,P10025,Joan Lupiani,LOS,0.32087227414330216
2047,batting,avg,3,P8760,Sung Choi,DEN,0.31596091205211724
2047,batting,hr,1,P3473,Nigel Wohlschlegel,DEN,42.0
2047,batting,hr,2,P10025,Joan Lupiani,LOS,40.0
2047,batting,hr,3,P2192,Xavier King,POR,39.0
2047,batting,rbi,1,P8760,Sung Choi,DEN,123.0
2047,batting,rbi,2,P7268,Fernando Guerrero,DET,116.0
2047,batting,rbi,3,P9114,Antonio Diaz,NAS,111.0
2047,batting,sb,1,P3440,Fernando Garcia,NEW,65.0
2047,batting,sb,2,P9759,Douglas Topal,LAS,57.0
2047,batting,sb,3,P4857,Marcos Hickinbotham,WAS,57.0
2047,batting,ops,1,P7268,Fernando Guerrero,DET,0.9702518921475876
2047,batting,ops,2,P10025,Joan Lupiani,LOS,0.9684579439252337
2047,batting,ops,3,P4364,Hector Hernandez,SAN1,0.9675599969717616
2047,pitching,era,1,D20430148,Felton Ginnery,JAC,2.3055028462998104
2047,pitching,era,2,D20300060,Dwayne Mikolon,SAN1,2.3736263736263736
2047,pitching,era,3,D20270145,Ben Lafoe,NEW,2.451008645533141
2047,pitching,so,1,P4515,Mckinley Fariello,SAN1,251.0
2047,pitching,so,2,P6522,Antonio Cruz,OKL,235.0
2047,pitching,so,3,D20270145,Ben Lafoe,NEW,231.0
2047,pitching,wins,1,D20290072,Mitchell Gaumond,NAS,18.0
2047,pitching,wins,2,P10188,Rafael Ramirez,JAC,17.0
2047,pitching,wins,3,P5994,Jorge Perez,DET,16.0
2047,pitching,saves,1,P6034,Ronny Kerksiek,DEN,36.0
2047,pitching,saves,2,P3412,Luis Ramos,DET,36.0
2047,pitching,saves,3,P10100,Miguel Mendoza,JAC,27.0
2048,batting,avg,1,P10164,Jorge Delgado,SAN1,0.3153153153153153
2048,batting,avg,2,P4636,Trinidad Brownsberger,LAS,0.30757575757575756
2048,batting,avg,3,P2832,Frederick Sullivan,OKL,0.30064308681672025
2048,batting,hr,1,P10164,Jorge Delgado,SAN1,44.0
2048,batting,hr,2,P2111,Basil Montore,DEN,34.0
2048,batting,hr,3,P1986,Erich Bonillas,BOS,31.0
2048,batting,rbi,1,P2832,Frederick Sullivan,OKL,103.0
2048,batting,rbi,2,P4636,Trinidad Brownsberger,LAS,103.0
2048,batting,rbi,3,P5793,Alejandro Hernandez,NAS,99.0
2048,batting,sb,1,P4740,Glen Temby,NAS,70.0
2048,batting,sb,2,P5390,Luis Rivera,MIL,57.0
2048,batting,sb,3,P7828,Raul Perez,DEN,55.0
2048,batting,ops,1,P10164,Jorge Delgado,SAN1,0.9728832092962527
2048,batting,ops,2,P2832,Frederick Sullivan,OKL,0.8962485077733005
2048,batting,ops,3,P4636,Trinidad Brownsberger,LAS,0.8946969696969697
2048,pitching,era,1,P10188,Rafael Ramirez,DEN,1.9914893617021276
2048,pitching,era,2,D20310088,Jamal Harris,SAN1,2.25
2048,pitching,era,3,D20280115,Tyrone Jefferson,JAC,2.2613065326633164
2048,pitching,so,1,D20270027,Miguel Reyes,LAS,288.0
2048,pitching,so,2,P10188,Rafael Ramirez,DEN,230.0
2048,pitching,so,3,D20320154,Jonas Iannaccone,OKL,227.0
2048,pitching,wins,1,D20420039,Antonio Reyes,POR,20.0
2048,pitching,wins,2,P8138,Pedro Guerrero,MIL,16.0
2048,pitching,wins,3,D20250197,Roberto Martinez,OKL,16.0
2048,pitching,saves,1,P9127,Darwin Ophus,NAS,40.0
2048,pitching,saves,2,P6865,Darnell Baker,JAC,32.0
2048,pitching,saves,3,P1922,Cristopher Kole,OKL,28.0
2049,batting,avg,1,P7176,Deshawn Walker,OKL,0.3473684210526316
2049,batting,avg,2,P5793,Alejandro Hernandez,DET,0.3284313725490196
2049,batting,avg,3,P9114,Antonio Diaz,NEW,0.3198707592891761
2049,batting,hr,1,P7846,Rory Dash,POR,39.0
2049,batting,hr,2,P10147,Miguel Ramos,LOS,37.0
2049,batting,hr,3,P9114,Antonio Diaz,NEW,35.0
2049,batting,rbi,1,P5793,Alejandro Hernandez,DET,121.0
2049,batting,rbi,2,P6257,Johnathan Claes,DET,105.0
2049,batting,rbi,3,P3223,Roberto Hernandez,BOS,105.0
2049,batting,sb,1,P7199,Danilo Briggerman,SAN1,67.0
2049,batting,sb,2,P6871,Leroy Carter,DET,59.0
2049,batting,sb,3,P4857,Marcos Hickinbotham,NEW,58.0
2049,batting,ops,1,P5793,Alejandro Hernandez,DET,0.9963164456534059
2049,batting,ops,2,P7176,Deshawn Walker,OKL,0.9945098595545467
2049,batting,ops,3,P9114,Antonio Diaz,NEW,0.9637423217692105
2049,pitching,era,1,P10006,Ira Chomka,NAS,2.1686746987951806
2049,pitching,era,2,D20270145,Ben Lafoe,NEW,2.2462562396006653
2049,pitching,era,3,D20300144,Malik Scott,OKL,2.5786516853932584
2049,pitching,so,1,P6414,Darnell Green,JAC,228.0
2049,pitching,so,2,P4315,Sung Pham,DET,215.0
2049,pitching,so,3,P10085,Leroy Mitchell,OKL,215.0
2049,pitching,wins,1,D20350058,Jamal King,MIL,18.0
2049,pitching,wins,2,P5267,Rafael Hernandez,JAC,16.0
2049,pitching,wins,3,D20290034,Tommy Voeltner,SAN1,16.0
2049,pitching,saves,1,P8838,Rodrick Michalek,LOS,26.0
2049,pitching,saves,2,P10156,Luis Perez,JAC,25.0
2049,pitching,saves,3,P6641,Sung Huang,DET,24.0
2050,batting,avg,1,P2346,Carlos Rodriguez,LOS,0.33383010432190763
2050,batting,avg,2,P7784,Yong Tran,LOS,0.3267175572519084
2050,batting,avg,3,P10164,Jorge Delgado,SAN,0.32589285714285715
2050,batting,hr,1,P7784,Yong Tran,LOS,45.0
2050,batting,hr,2,P7268,Fernando Guerrero,MIL,43.0
2050,batting,hr,3,P2346,Carlos Rodriguez,LOS,42.0
2050,batting,rbi,1,P7784,Yong Tran,LOS,124.0
2050,batting,rbi,2,P8578,Darnell Taylor,OKL,124.0
2050,batting,rbi,3,P7268,Fernando Guerrero,MIL,117.0
2050,batting,sb,1,P4740,Glen Temby,DEN,63.0
2050,batting,sb,2,P2307,Roberto Martinez,OKL,62.0
2050,batting,sb,3,P2359,Jerrold Eppes,DEN,60.0
2050,batting,ops,1,P7784,Yong Tran,LOS,1.0207356754020804
2050,batting,ops,2,P2346,Carlos Rodriguez,LOS,1.0175318215242086
2050,batting,ops,3,P7268,Fernando Guerrero,MIL,0.9678982806484762
2050,pitching,era,1,P10057,Alejandro Guerrero,NEW,2.471186440677966
2050,pitching,era,2,D20310088,Jamal Harris,SAN1,2.7100371747211893
2050,pitching,era,3,D20340006,Florentino Cantara,SAN,2.7551020408163267
2050,pitching,so,1,D20340006,Florentino Cantara,SAN,234.0
2050,pitching,so,2,D20390032,Bryant Humpries,JAC,222.0
2050,pitching,so,3,D20280150,Arnoldo Offret,WAS,209.0
2050,pitching,wins,1,P7701,Deshawn Robinson,LOS,17.0
2050,pitching,wins,2,D20350141,Otis Hurni,DEN,17.0
2050,pitching,wins,3,P2629,Sean Laurenceau,NAS,16.0
2050,pitching,saves,1,P7238,Jermaine Mitchell,NEW,49.0
2050,pitching,saves,2,P10156,Luis Perez,NAS,26.0
2050,pitching,saves,3,P6776,Omar Roddey,LOS,25.0
2051,batting,avg,1,P6878,Carlos Lopez,SAN1,0.3452566096423017
2051,batting,avg,2,P8652,Pedro Rivera,NAS,0.34055727554179566
2051,batting,avg,3,P2111,Basil Montore,DET,0.3088
2051,batting,hr,1,P6878,Carlos Lopez,SAN1,49.0
2051,batting,hr,2,P8652,Pedro Rivera,NAS,43.0
2051,batting,hr,3,P4767,Jorge Diaz,DEN,42.0
2051,batting,rbi,1,P6878,Carlos Lopez,SAN1,140.0
2051,batting,rbi,2,P8652,Pedro Rivera,NAS,124.0
2051,batting,rbi,3,P4767,Jorge Diaz,DEN,115.0
2051,batting,sb,1,P9991,Mauricio Reyolds,JAC,75.0
2051,batting,sb,2,P10112,Stacy Legere,OKL,62.0
2051,batting,sb,3,P6871,Leroy Carter,POR,60.0
2051,batting,ops,1,P6878,Carlos Lopez,SAN1,1.0792636503835968
2051,batting,ops,2,P8652,Pedro Rivera,NAS,1.0187535595150923
2051,batting,ops,3,P2111,Basil Montore,DET,0.9659428571428572
2051,pitching,era,1,P2629,Sean Laurenceau,DEN,2.227897838899804
2051,pitching,era,2,P8873,Leonardo Dearinger,WAS,2.3104026845637584
2051,pitching,era,3,D20410056,Garth Gonder,OKL,2.471186440677966
2051,pitching,so,1,P8873,Leonardo Dearinger,WAS,221.0
2051,pitching,so,2,D20330162,Antonio Ramos,NEW,219.0
2051,pitching,so,3,D20370059,Jamal King,SAN,218.0
2051,pitching,wins,1,D20410056,Garth Gonder,OKL,23.0
2051,pitching,wins,2,D20300130,Whitney Lastufka,SAN1,18.0
2051,pitching,wins,3,D20390125,Alonzo Strait,DEN,17.0
2051,pitching,saves,1,P9049,Leroy Jackson,DET,26.0
2051,pitching,saves,2,P4393,Damien Wooden,POR,25.0
2051,pitching,saves,3,D20500006,Emile Kimmes,LOS,21.0
2052,batting,avg,1,P7846,Rory Dash,MIL,0.3323076923076923
2052,batting,avg,2,P6169,Xavier White,DET,0.3225331369661267
2052,batting,avg,3,P10110,Nelson Batdorf,WAS,0.3130016051364366
2052,batting,hr,1,P6169,Xavier White,DET,46.0
2052,batting,hr,2,P4571,Ronny Thurstonson,NAS,44.0
2052,batting,hr,3,P10025,Joan Lupiani,LAS,43.0
2052,batting,rbi,1,P4571,Ronny Thurstonson,NAS,129.0
2052,batting,rbi,2,P10025,Joan Lupiani,LAS,128.0
2052,batting,rbi,3,P6169,Xavier White,DET,112.0
2052,batting,sb,1,P4519,Sung Hassan,NAS,68.0
2052,batting,sb,2,P9332,Jacques Bustin,DEN,64.0
2052,batting,sb,3,P4740,Glen Temby,POR,64.0
2052,batting,ops,1,P6169,Xavier White,DET,1.017911769518804
2052,batting,ops,2,P7846,Rory Dash,MIL,0.9997252747252747
2052,batting,ops,3,P8652,Pedro Rivera,LOS,0.9655100494598575
2052,pitching,era,1,D20300100,Sung Pham,NAS,2.158081705150977
2052,pitching,era,2,P3917,Cedric White,OKL,2.353846153846154
2052,pitching,era,3,P6665,Elliot Mayhall,POR,2.469184890656064
2052,pitching,so,1,D20330162,Antonio Ramos,NEW,226.0
2052,pitching,so,2,P10111,Dewayne Kuhr,BOS,225.0
2052,pitching,so,3,D20330026,Jorge Ramos,JAC,219.0
2052,pitching,wins,1,D20330128,Hiram Degravelle,MIL,22.0
2052,pitching,wins,2,D20350160,Ricardo Sanchez,WAS,17.0
2052,pitching,wins,3,D20370059,Jamal King,SAN,17.0
2052,pitching,saves,1,D20300060,Dwayne Mikolon,SAN1,25.0
2052,pitching,saves,2,P8873,Leonardo Dearinger,MIL,22.0
2052,pitching,saves,3,P1309,Pedro Flores,BOS,21.0
2053,batting,avg,1,P6878,Carlos Lopez,SAN1,0.34683954619124796
2053,batting,avg,2,P6257,Johnathan Claes,WAS,0.34516129032258064
2053,batting,avg,3,P2346,Carlos Rodriguez,NAS,0.33933933933933935
2053,batting,hr,1,P2346,Carlos Rodriguez,NAS,46.0
2053,batting,hr,2,P6878,Carlos Lopez,SAN1,45.0
2053,batting,hr,3,P2192,Xavier King,DET,40.0
2053,batting,rbi,1,P6878,Carlos Lopez,SAN1,128.0
2053,batting,rbi,2,P6257,Johnathan Claes,WAS,118.0
2053,batting,rbi,3,P2346,Carlos Rodriguez,NAS,117.0
2053,batting,sb,1,P5390,Luis Rivera,MIL,72.0
2053,batting,sb,2,P4740,Glen Temby,DEN,72.0
2053,batting,sb,3,P9991,Mauricio Reyolds,NEW,67.0
2053,batting,ops,1,P2346,Carlos Rodriguez,NAS,1.0711703660765324
2053,batting,ops,2,P6878,Carlos Lopez,SAN1,1.0663598799206602
2053,batting,ops,3,P6257,Johnathan Claes,WAS,0.989600657954857
2053,pitching,era,1,P10005,Al Sanville,BOS,1.9285714285714286
2053,pitching,era,2,D20290054,Leroy Allen,NEW,2.103896103896104
2053,pitching,era,3,D20370059,Jamal King,SAN,2.4419795221843
2053,pitching,so,1,P8145,Milo Kaspari,DEN,222.0
2053,pitching,so,2,D20330026,Jorge Ramos,JAC,220.0
2053,pitching,so,3,P10005,Al Sanville,BOS,215.0
2053,pitching,wins,1,P7356,Weston Redick,WAS,19.0
2053,pitching,wins,2,D20370179,Virgil Lougee,WAS,18.0
2053,pitching,wins,3,P4543,Juan Gomez,DET,16.0
2053,pitching,saves,1,P8381,Lane Ominelli,WAS,23.0
2053,pitching,saves,2,P3531,Jose Reyes,WAS,20.0
2053,pitching,saves,3,P1922,Cristopher Kole,OKL,20.0
2054,batting,avg,1,P6169,Xavier White,WAS,0.3563748079877112
2054,batting,avg,2,P10003,Rafael Castillo,NAS,0.34554140127388533
2054,batting,avg,3,P7268,Fernando Guerrero,SAN1,0.3343558282208589
2054,batting,hr,1,P7268,Fernando Guerrero,SAN1,48.0
2054,batting,hr,2,P10189,Wilford Demetriou,SAN,43.0
2054,batting,hr,3,P7784,Yong Tran,BOS,38.0
2054,batting,rbi,1,P10189,Wilford Demetriou,SAN,120.0
2054,batting,rbi,2,P6169,Xavier White,WAS,115.0
2054,batting,rbi,3,P7784,Yong Tran,BOS,112.0
2054,batting,sb,1,P4857,Marcos Hickinbotham,LOS,58.0
2054,batting,sb,2,P6525,Augustine Kittner,MIL,55.0
2054,batting,sb,3,P9536,Jermaine Harris,SAN1,54.0
2054,batting,ops,1,P6169,Xavier White,WAS,1.0476190476190477
2054,batting,ops,2,P7268,Fernando Guerrero,SAN1,1.0375170415814587
2054,batting,ops,3,P10003,Rafael Castillo,NAS,1.0004371619356534
2054,pitching,era,1,D20390032,Bryant Humpries,JAC,2.102076124567474
2054,pitching,era,2,D20440195,Manuel Ortiz,DET,2.182330827067669
2054,pitching,era,3,D20330128,Hiram Degravelle,MIL,2.358288770053476
2054,pitching,so,1,D20470120,Cedric Wright,SAN1,258.0
2054,pitching,so,2,D20490041,Damon Bossick,LAS,226.0
2054,pitching,so,3,P4543,Juan Gomez,DEN,218.0
2054,pitching,wins,1,D20350141,Otis Hurni,DEN,18.0
2054,pitching,wins,2,D20390032,Bryant Humpries,JAC,18.0
2054,pitching,wins,3,D20390047,Eduardo Rivera,OKL,17.0
2054,pitching,saves,1,P9127,Darwin Ophus,NAS,41.0
2054,pitching,saves,2,P8204,Miguel Vargas,BOS,23.0
2054,pitching,saves,3,D20390039,Jermaine Jackson,MIL,21.0
2055,batting,avg,1,P6878,Carlos Lopez,OKL,0.337248322147651
2055,batting,avg,2,P10127,Lane Lajoy,SAN,0.3300653594771242
2055,batting,avg,3,P8652,Pedro Rivera,WAS,0.32926829268292684
2055,batting,hr,1,P8652,Pedro Rivera,WAS,46.0
2055,batting,hr,2,P6878,Carlos Lopez,OKL,41.0
2055,batting,hr,3,P7176,Deshawn Walker,DET,39.0
2055,batting,rbi,1,P8652,Pedro Rivera,WAS,125.0
2055,batting,rbi,2,P4402,Carter Hurtgen,WAS,114.0
2055,batting,rbi,3,P6878,Carlos Lopez,OKL,113.0
2055,batting,sb,1,P10112,Stacy Legere,NEW,67.0
2055,batting,sb,2,P9991,Mauricio Reyolds,WAS,63.0
2055,batting,sb,3,P4519,Sung Hassan,NAS,61.0
2055,batting,ops,1,P6878,Carlos Lopez,OKL,1.0381817999418144
2055,batting,ops,2,P8652,Pedro Rivera,WAS,1.0158198736526751
2055,batting,ops,3,P10127,Lane Lajoy,SAN,0.931991519394405
2055,pitching,era,1,P6414,Darnell Green,DEN,2.3990306946688205
2055,pitching,era,2,P7693,Quincy Defrates,POR,2.4352941176470586
2055,pitching,era,3,D20350160,Ricardo Sanchez,WAS,2.4419795221843
2055,pitching,so,1,D20470120,Cedric Wright,SAN1,238.0
2055,pitching,so,2,D20340006,Florentino Cantara,SAN,224.0
2055,pitching,so,3,P7701,Deshawn Robinson,POR,220.0
2055,pitching,wins,1,D20540079,Hung Krolczyk,NEW,19.0
2055,pitching,wins,2,D20390047,Eduardo Rivera,OKL,17.0
2055,pitching,wins,3,P7706,Jan Birdo,DET,16.0
2055,pitching,saves,1,P3900,Guillermo Soula,OKL,24.0
2055,pitching,saves,2,D20380045,Xavier Taylor,WAS,23.0
2055,pitching,saves,3,D20390039,Jermaine Jackson,MIL,19.0
2056,batting,avg,1,P6878,Carlos Lopez,LAS,0.3639240506329114
2056,batting,avg,2,P7784,Yong Tran,BOS,0.3414285714285714
2056,batting,avg,3,P9114,Antonio Diaz,WAS,0.31711145996860285
2056,batting,hr,1,P7784,Yong Tran,BOS,52.0
2056,batting,hr,2,P6878,Carlos Lopez,LAS,51.0
2056,batting,hr,3,P3774,Rufus Young,OKL,43.0
2056,batting,rbi,1,P6878,Carlos Lopez,LAS,145.0
2056,batting,rbi,2,P7784,Yong Tran,BOS,127.0
2056,batting,rbi,3,P5793,Alejandro Hernandez,DEN,118.0
2056,batting,sb,1,P4678,Leroy King,DET,77.0
2056,batting,sb,2,P4740,Glen Temby,LAS,73.0
2056,batting,sb,3,P4519,Sung Hassan,LOS,71.0
2056,batting,ops,1,P6878,Carlos Lopez,LAS,1.137163358858155
2056,batting,ops,2,P7784,Yong Tran,BOS,1.0421936795416744
2056,batting,ops,3,P3774,Rufus Young,OKL,0.9518225676762262
2056,pitching,era,1,P3917,Cedric White,NAS,2.339688041594454
2056,pitching,era,2,D20420039,Antonio Reyes,POR,2.4254237288135596
2056,pitching,era,3,D20530059,Ernesto Segel,OKL,2.463157894736842
2056,pitching,so,1,D20440195,Manuel Ortiz,DET,247.0
2056,pitching,so,2,P1324,Carlos Delgado,JAC,241.0
2056,pitching,so,3,P3790,Eduardo Mendoza,MIL,220.0
2056,pitching,wins,1,D20440138,Deshawn Jackson,WAS,17.0
2056,pitching,wins,2,P4315,Sung Pham,WAS,16.0
2056,pitching,wins,3,P2396,Carlos Torres,OKL,15.0
2056,pitching,saves,1,D20500006,Emile Kimmes,LOS,25.0
2056,pitching,saves,2,P4393,Damien Wooden,SAN1,24.0
2056,pitching,saves,3,P2137,Percy Baker,POR,21.0
2057,batting,avg,1,P3473,Nigel Wohlschlegel,LOS,0.3236196319018405
2057,batting,avg,2,P4767,Jorge Diaz,DET,0.3187311178247734
2057,batting,avg,3,P7176,Deshawn Walker,OKL,0.30493273542600896
2057,batting,hr,1,P7176,Deshawn Walker,OKL,40.0
2057,batting,hr,2,P10120,Jackson Marko,SAN,40.0
2057,batting,hr,3,P9114,Antonio Diaz,NAS,39.0
2057,batting,rbi,1,P10189,Wilford Demetriou,SAN1,118.0
2057,batting,rbi,2,P3473,Nigel Wohlschlegel,LOS,111.0
2057,batting,rbi,3,P7176,Deshawn Walker,OKL,106.0
2057,batting,sb,1,P6965,Miguel Garcia,BOS,63.0
2057,batting,sb,2,P4740,Glen Temby,LOS,62.0
2057,batting,sb,3,P4519,Sung Hassan,POR,58.0
2057,batting,ops,1,P4767,Jorge Diaz,DET,0.9498489425981873
2057,batting,ops,2,P9114,Antonio Diaz,NAS,0.9446279634259851
2057,batting,ops,3,P3473,Nigel Wohlschlegel,LOS,0.9410314205335051
2057,pitching,era,1,D20350058,Jamal King,MIL,2.1599999999999997
2057,pitching,era,2,P6647,Brant Newbold,POR,2.3092105263157894
2057,pitching,era,3,P6738,Deshawn Scott,LAS,2.450769230769231
2057,pitching,so,1,P6647,Brant Newbold,POR,213.0
2057,pitching,so,2,D20350188,Pedro Flores,NEW,204.0
2057,pitching,so,3,D20370052,Jorge Martinez,LAS,204.0
2057,pitching,wins,1,P8152,Carlos Mendoza,LOS,17.0
2057,pitching,wins,2,D20370038,Doyle Firebaugh,NAS,17.0
2057,pitching,wins,3,D20490010,Malik Scott,BOS,16.0
2057,pitching,saves,1,P3900,Guillermo Soula,JAC,30.0
2057,pitching,saves,2,P10023,Russ Mefferd,DEN,27.0
2057,pitching,saves,3,D20500006,Emile Kimmes,LOS,25.0
2058,batting,avg,1,P2346,Carlos Rodriguez,NEW,0.3620689655172414
2058,batting,avg,2,P6878,Carlos Lopez,BOS,0.32769230769230767
2058,batting,avg,3,P7784,Yong Tran,SAN,0.32238805970149254
2058,batting,hr,1,P2346,Carlos Rodriguez,NEW,55.0
2058,batting,hr,2,P6878,Carlos Lopez,BOS,48.0
2058,batting,hr,3,P6169,Xavier White,SAN,44.0
2058,batting,rbi,1,P6169,Xavier White,SAN,134.0
2058,batting,rbi,2,P10189,Wilford Demetriou,LOS,133.0
2058,batting,rbi,3,P2346,Carlos Rodriguez,NEW,129.0
2058,batting,sb,1,P4408,Greg Fortna,LOS,76.0
2058,batting,sb,2,P4740,Glen Temby,NAS,66.0
2058,batting,sb,3,P10112,Stacy Legere,SAN,62.0
2058,batting,ops,1,P2346,Carlos Rodriguez,NEW,1.1547034969042802
2058,batting,ops,2,P6878,Carlos Lopez,BOS,1.0237912087912089
2058,batting,ops,3,P7784,Yong Tran,SAN,0.9735998904559771
2058,pitching,era,1,D20470002,Mikel Bogaert,NAS,2.365979381443299
2058,pitching,era,2,D20380021,Rafael Hernandez,SAN1,2.518656716417911
2058,pitching,era,3,D20370052,Jorge Martinez,LAS,2.6231155778894473
2058,pitching,so,1,D20470120,Cedric Wright,SAN1,235.0
2058,pitching,so,2,D20440195,Manuel Ortiz,DET,218.0
2058,pitching,so,3,D20390032,Bryant Humpries,JAC,208.0
2058,pitching,wins,1,D20470002,Mikel Bogaert,NAS,18.0
2058,pitching,wins,2,D20370104,Darnell Washington,OKL,17.0
2058,pitching,wins,3,D20370052,Jorge Martinez,LAS,16.0
2058,pitching,saves,1,P3531,Jose Reyes,JAC,25.0
2058,pitching,saves,2,P4443,Jermaine Scott,NEW,23.0
2058,pitching,saves,3,D20260119,Cordell Augliano,MIL,22.0
2059,batting,avg,1,P2144,Francisco Morales,LAS,0.30793157076205285
2059,batting,avg,2,P7268,Fernando Guerrero,OKL,0.3068862275449102
2059,batting,avg,3,P10136,Miguel Lopez,WAS,0.3008982035928144
2059,batting,hr,1,P8652,Pedro Rivera,DEN,37.0
2059,batting,hr,2,P7268,Fernando Guerrero,OKL,36.0
2059,batting,hr,3,P10108,Manuel Ramos,SAN1,34.0
2059,batting,rbi,1,P10049,Kieth Becvar,NAS,118.0
2059,batting,rbi,2,P7268,Fernando Guerrero,OKL,101.0
2059,batting,rbi,3,P8652,Pedro Rivera,DEN,97.0
2059,batting,sb,1,P7199,Danilo Briggerman,LOS,60.0
2059,batting,sb,2,P10027,Antonio Ramirez,DET,56.0
2059,batting,sb,3,P3824,Kenton Meck,DET,55.0
2059,batting,ops,1,P7268,Fernando Guerrero,OKL,0.9293838596265913
2059,batting,ops,2,P8652,Pedro Rivera,DEN,0.9071790418294977
2059,batting,ops,3,P10049,Kieth Becvar,NAS,0.8978275034566057
2059,pitching,era,1,D20340011,Fernando Lopez,MIL,1.694331983805668
2059,pitching,era,2,D20570039,Jermaine Jefferson,DEN,2.0090744101633393
2059,pitching,era,3,P10149,Darnell Carter,DET,2.0412371134020617
2059,pitching,so,1,D20490041,Damon Bossick,LAS,254.0
2059,pitching,so,2,D20530059,Ernesto Segel,OKL,238.0
2059,pitching,so,3,D20370011,Leroy Gaines,LAS,216.0
2059,pitching,wins,1,D20450014,Tyron Hogsett,OKL,17.0
2059,pitching,wins,2,P5013,Jorge Ramos,SAN,16.0
2059,pitching,wins,3,D20450144,Lowell Haertel,MIL,16.0
2059,pitching,saves,1,P9127,Darwin Ophus,NAS,50.0
2059,pitching,saves,2,P2367,Malik Green,POR,37.0
2059,pitching,saves,3,P6034,Ronny Kerksiek,LAS,31.0
2060,batting,avg,1,P9884,Hector Rivera,SAN,0.32334384858044163
2060,batting,avg,2,P4364,Hector Hernandez,POR,0.31746031746031744
2060,batting,avg,3,P2336,Arnoldo Offret,NAS,0.3170731707317073
2060,batting,hr,1,P2346,Carlos Rodriguez,JAC,52.0
2060,batting,hr,2,P8652,Pedro Rivera,SAN,44.0
2060,batting,hr,3,P4364,Hector Hernandez,POR,42.0
2060,batting,rbi,1,P4364,Hector Hernandez,POR,131.0
2060,batting,rbi,2,P9884,Hector Rivera,SAN,111.0
2060,batting,rbi,3,P2346,Carlos Rodriguez,JAC,107.0
2060,batting,sb,1,P6425,Robert Orhenkowski,DEN,62.0
2060,batting,sb,2,P2307,Roberto Martinez,POR,60.0
2060,batting,sb,3,P9759,Douglas Topal,MIL,58.0
2060,batting,ops,1,P2346,Carlos Rodriguez,JAC,1.0251437812802036
2060,batting,ops,2,P4364,Hector Hernandez,POR,0.9778184778184777
2060,batting,ops,3,P8652,Pedro Rivera,SAN,0.9660681229174379
2060,pitching,era,1,P6738,Deshawn Scott,LOS,1.9451114922813035
2060,pitching,era,2,D20400081,Pedro Guerrero,POR,2.1305007587253417
2060,pitching,era,3,D20440140,Wally Toher,POR,2.388086642599278
2060,pitching,so,1,P6522,Antonio Cruz,LAS,239.0
2060,pitching,so,2,D20530059,Ernesto Segel,OKL,235.0
2060,pitching,so,3,P10072,Jack Rasole,WAS,217.0
2060,pitching,wins,1,D20430165,Jose Vargas,POR,18.0
2060,pitching,wins,2,D20410048,Dion Mcclary,BOS,17.0
2060,pitching,wins,3,D20570039,Jermaine Jefferson,DEN,17.0
2060,pitching,saves,1,P5645,Raul Flores,DET,42.0
2060,pitching,saves,2,P5424,Tyrone Baker,LOS,36.0
2060,pitching,saves,3,P5672,Arnoldo Buther,DEN,25.0
2061,batting,avg,1,P3473,Nigel Wohlschlegel,NAS,0.35714285714285715
2061,batting,avg,2,P7176,Deshawn Walker,NEW,0.3408
2061,batting,avg,3,P2346,Carlos Rodriguez,NEW,0.3333333333333333
2061,batting,hr,1,P3473,Nigel Wohlschlegel,NAS,42.0
2061,batting,hr,2,P2111,Basil Montore,OKL,41.0
2061,batting,hr,3,P7176,Deshawn Walker,NEW,40.0
2061,batting,rbi,1,P9884,Hector Rivera,WAS,130.0
2061,batting,rbi,2,P7176,Deshawn Walker,NEW,129.0
2061,batting,rbi,3,P2346,Carlos Rodriguez,NEW,111.0
2061,batting,sb,1,P4519,Sung Hassan,LOS,82.0
2061,batting,sb,2,P2359,Jerrold Eppes,OKL,74.0
2061,batting,sb,3,P4408,Greg Fortna,BOS,56.0
2061,batting,ops,1,P3473,Nigel Wohlschlegel,NAS,1.0741433074746582
2061,batting,ops,2,P7176,Deshawn Walker,NEW,1.0552278164116828
2061,batting,ops,3,P2346,Carlos Rodriguez,NEW,1.0230749396602374
2061,pitching,era,1,P6720,Leroy Harris,DET,2.395563770794824
2061,pitching,era,2,D20550031,Tyron Hogsett,JAC,2.4761904761904763
2061,pitching,era,3,P6722,Trevor Dimanche,NEW,2.520569620253165
2061,pitching,so,1,P2496,Pedro Ramirez,JAC,220.0
2061,pitching,so,2,D20470120,Cedric Wright,SAN1,215.0
2061,pitching,so,3,P6722,Trevor Dimanche,NEW,213.0
2061,pitching,wins,1,P4315,Sung Pham,LOS,16.0
2061,pitching,wins,2,D20450014,Tyron Hogsett,OKL,16.0
2061,pitching,wins,3,P6722,Trevor Dimanche,NEW,15.0
2061,pitching,saves,1,D20440046,Carlos Delgado,NEW,22.0
2061,pitching,saves,2,P4515,Mckinley Fariello,MIL,21.0
2061,pitching,saves,3,P7632,Jordon Marchello,DET,20.0
2062,batting,avg,1,P6878,Carlos Lopez,LOS,0.32066115702479336
2062,batting,avg,2,P8652,Pedro Rivera,MIL,0.32061068702290074
2062,batting,avg,3,P2083,Raul Garcia,MIL,0.3161397670549085
2062,batting,hr,1,P10090,Buck Trank,DET,49.0
2062,batting,hr,2,P10164,Jorge Delgado,SAN1,48.0
2062,batting,hr,3,P8652,Pedro Rivera,MIL,46.0
2062,batting,rbi,1,P10090,Buck Trank,DET,110.0
2062,batting,rbi,2,P1986,Erich Bonillas,DEN,104.0
2062,batting,rbi,3,P6257,Johnathan Claes,POR,101.0
2062,batting,sb,1,P4857,Marcos Hickinbotham,WAS,72.0
2062,batting,sb,2,P9332,Jacques Bustin,NEW,59.0
2062,batting,sb,3,P4408,Greg Fortna,WAS,59.0
2062,batting,ops,1,P8652,Pedro Rivera,MIL,1.0132107804954043
2062,batting,ops,2,P10164,Jorge Delgado,SAN1,0.976667269428873
2062,batting,ops,3,P2083,Raul Garcia,MIL,0.9755261785088252
2062,pitching,era,1,D20540079,Hung Krolczyk,NEW,2.010152284263959
2062,pitching,era,2,D20400081,Pedro Guerrero,POR,2.098159509202454
2062,pitching,era,3,D20530115,Mckinley Fariello,BOS,2.182330827067669
2062,pitching,so,1,D20310052,Jermaine Walker,LAS,236.0
2062,pitching,so,2,D20470120,Cedric Wright,SAN1,236.0
2062,pitching,so,3,P10188,Rafael Ramirez,NAS,233.0
2062,pitching,wins,1,D20570018,Jorge Ramos,SAN,17.0
2062,pitching,wins,2,D20440140,Wally Toher,POR,16.0
2062,pitching,wins,3,D20480090,Sung Lin,MIL,16.0
2062,pitching,saves,1,P7238,Jermaine Mitchell,NEW,44.0
2062,pitching,saves,2,P5645,Raul Flores,DET,35.0
2062,pitching,saves,3,P1284,Fernando Hernandez,DEN,29.0
2063,batting,avg,1,P6878,Carlos Lopez,LAS,0.384012539184953
2063,batting,avg,2,P2346,Carlos Rodriguez,OKL,0.3623417721518987
2063,batting,avg,3,P7268,Fernando Guerrero,DET,0.3523809523809524
2063,batting,hr,1,P2346,Carlos Rodriguez,OKL,62.0
2063,batting,hr,2,P6878,Carlos Lopez,LAS,54.0
2063,batting,hr,3,P7268,Fernando Guerrero,DET,44.0
2063,batting,rbi,1,P2346,Carlos Rodriguez,OKL,158.0
2063,batting,rbi,2,P6878,Carlos Lopez,LAS,136.0
2063,batting,rbi,3,P4364,Hector Hernandez,DEN,135.0
2063,batting,sb,1,P9759,Douglas Topal,POR,54.0
2063,batting,sb,2,P1636,Yong Kim,POR,52.0
2063,batting,sb,3,P6752,Juan Cruz,LOS,52.0
2063,batting,ops,1,P6878,Carlos Lopez,LAS,1.1966559254654034
2063,batting,ops,2,P2346,Carlos Rodriguez,OKL,1.1952028494253482
2063,batting,ops,3,P7268,Fernando Guerrero,DET,1.0940242763772174
2063,pitching,era,1,D20530059,Ernesto Segel,OKL,1.9467084639498433
2063,pitching,era,2,D20440195,Manuel Ortiz,DET,1.9580152671755726
2063,pitching,era,3,P7701,Deshawn Robinson,SAN,2.170854271356784
2063,pitching,so,1,P6665,Elliot Mayhall,LOS,256.0
2063,pitching,so,2,D20530059,Ernesto Segel,OKL,233.0
2063,pitching,so,3,P10126,Ernesto Segel,NEW,228.0
2063,pitching,wins,1,P9290,Pedro Lopez,OKL,17.0
2063,pitching,wins,2,D20450014,Tyron Hogsett,OKL,17.0
2063,pitching,wins,3,P7701,Deshawn Robinson,SAN,16.0
2063,pitching,saves,1,P7589,Brenton Jaremka,NAS,25.0
2063,pitching,saves,2,D20520003,Wally Toher,DEN,23.0
2063,pitching,saves,3,P4393,Damien Wooden,BOS,21.0
2064,batting,avg,1,P4767,Jorge Diaz,NAS,0.3397745571658615
2064,batting,avg,2,P10119,Cleveland Branine,JAC,0.3225331369661267
2064,batting,avg,3,P5640,Raul Castillo,WAS,0.32142857142857145
2064,batting,hr,1,P2083,Raul Garcia,MIL,40.0
2064,batting,hr,2,P6169,Xavier White,DET,37.0
2064,batting,hr,3,P4767,Jorge Diaz,NAS,36.0
2064,batting,rbi,1,P4767,Jorge Diaz,NAS,133.0
2064,batting,rbi,2,P4402,Carter Hurtgen,DEN,115.0
2064,batting,rbi,3,P6169,Xavier White,DET,107.0
2064,batting,sb,1,P10112,Stacy Legere,NAS,73.0
2064,batting,sb,2,P4857,Marcos Hickinbotham,DEN,70.0
2064,batting,sb,3,P7369,Damon Bossick,BOS,55.0
2064,batting,ops,1,P4767,Jorge Diaz,NAS,1.0217754190197548
2064,batting,ops,2,P6169,Xavier White,DET,0.9643605870020964
2064,batting,ops,3,P2083,Raul Garcia,MIL,0.9583079361209315
2064,pitching,era,1,D20450014,Tyron Hogsett,OKL,1.6594684385382061
2064,pitching,era,2,D20470120,Cedric Wright,SAN1,2.0070126227208975
2064,pitching,era,3,D20530059,Ernesto Segel,OKL,2.213903743315508
2064,pitching,so,1,D20470120,Cedric Wright,SAN1,266.0
2064,pitching,so,2,D20440195,Manuel Ortiz,DET,238.0
2064,pitching,so,3,D20440140,Wally Toher,POR,233.0
2064,pitching,wins,1,D20450014,Tyron Hogsett,OKL,19.0
2064,pitching,wins,2,P4543,Juan Gomez,NEW,17.0
2064,pitching,wins,3,P9812,Mitchell Gaumond,NAS,17.0
2064,pitching,saves,1,P7589,Brenton Jaremka,NAS,35.0
2064,pitching,saves,2,P3167,Percy Washington,NEW,22.0
2064,pitching,saves,3,P2942,Martin Shinnick,NEW,21.0
2065,batting,avg,1,P10025,Joan Lupiani,OKL,0.348159509202454
2065,batting,avg,2,P3388,Carlos Rivera,NAS,0.3392857142857143
2065,batting,avg,3,P3930,Wilfredo Neubaum,NAS,0.33633633633633636
2065,batting,hr,1,P10025,Joan Lupiani,OKL,50.0
2065,batting,hr,2,P3473,Nigel Wohlschlegel,SAN,43.0
2065,batting,hr,3,P4571,Ronny Thurstonson,LOS,38.0
2065,batting,rbi,1,P10025,Joan Lupiani,OKL,143.0
2065,batting,rbi,2,P2911,Yong Tanaka,DEN,113.0
2065,batting,rbi,3,P4636,Trinidad Brownsberger,MIL,113.0
2065,batting,sb,1,P2307,Roberto Martinez,SAN1,59.0
2065,batting,sb,2,P4857,Marcos Hickinbotham,SAN1,58.0
2065,batting,sb,3,P2359,Jerrold Eppes,JAC,58.0
2065,batting,ops,1,P10025,Joan Lupiani,OKL,1.0542008214328675
2065,batting,ops,2,P3473,Nigel Wohlschlegel,SAN,1.008280810465845
2065,batting,ops,3,P3388,Carlos Rivera,NAS,0.9931088364085483
2065,pitching,era,1,P7701,Deshawn Robinson,DET,1.7874564459930313
2065,pitching,era,2,D20580136,Miguel Ramos,JAC,2.2889273356401385
2065,pitching,era,3,D20520003,Wally Toher,DEN,2.6142857142857143
2065,pitching,so,1,D20520003,Wally Toher,DEN,230.0
2065,pitching,so,2,P1914,Frederic Stacken,LAS,226.0
2065,pitching,so,3,P6289,Jude Scharf,LAS,220.0
2065,pitching,wins,1,D20270058,August Mitro,DET,18.0
2065,pitching,wins,2,P10111,Dewayne Kuhr,DET,15.0
2065,pitching,wins,3,D20490198,Lonnie Kroell,LOS,15.0
2065,pitching,saves,1,P5424,Tyrone Baker,LOS,30.0
2065,pitching,saves,2,P7668,Aurelio Louden,SAN,25.0
2065,pitching,saves,3,P6539,Otis Hurni,JAC,22.0
